"CODE","DESCR","CREATEDT","CREATEBY","UPDATEDT","UPDATEBY"
"000","NOT IN A REMEDIAL ACTION SITE",1/31/2003 5:53:55,"WELLS",9/6/2017 9:57:13,"WELLS"
"001","INDIAN BEND WASH - SOUTH",1/31/2003 5:53:55,"WELLS",9/6/2017 9:57:13,"WELLS"
"002","INDIAN BEND WASH - NORTH",1/31/2003 5:53:55,"WELLS",9/6/2017 9:57:13,"WELLS"
"005","WILLIAMS AIR FORCE BASE",1/31/2003 5:53:55,"WELLS",9/6/2017 9:57:13,"WELLS"
"006","APACHE POWDER",1/31/2003 5:53:55,"WELLS",9/6/2017 9:57:13,"WELLS"
"007","PAYSON PCE",1/31/2003 5:53:55,"WELLS",9/6/2017 9:57:13,"WELLS"
"009","WEST VAN BUREN",1/31/2003 5:53:55,"WELLS",9/6/2017 9:57:13,"WELLS"
"010","19TH AVENUE LANDFILL",1/31/2003 5:53:55,"WELLS",9/6/2017 9:57:13,"WELLS"
"011","DAVIS MONTHAN AIR FORCE BASE",1/31/2003 5:53:55,"WELLS",9/6/2017 9:57:13,"WELLS"
"012","YUMA MARINE CORPS AIR STATION",1/31/2003 5:53:55,"WELLS",9/6/2017 9:57:13,"WELLS"
"013","HASSAYAMPA LANDFILL",1/31/2003 5:53:55,"WELLS",9/6/2017 9:57:13,"WELLS"
"015","PHOENIX/GOODYEAR AIRPORT-NORTH",1/31/2003 5:53:55,"WELLS",9/6/2017 9:57:13,"WELLS"
"016","TUCSON INTERNATIONAL AIRPORT",1/31/2003 5:53:55,"WELLS",9/6/2017 9:57:13,"WELLS"
"017","161ST AIR NATIONAL GUARD, SKY HARBOR AIRPORT",1/31/2003 5:53:55,"WELLS",9/6/2017 9:57:13,"WELLS"
"018","162ND AIR NATIONAL GUARD, TUCSON AIRPORT",1/31/2003 5:53:55,"WELLS",9/6/2017 9:57:13,"WELLS"
"019","BARRY M. GOLDWATER RANGE",1/31/2003 5:53:55,"WELLS",9/6/2017 9:57:13,"WELLS"
"020","CAMP NAVAJO",1/31/2003 5:53:55,"WELLS",9/6/2017 9:57:13,"WELLS"
"021","FORT HUACHUCA",1/31/2003 5:53:55,"WELLS",9/6/2017 9:57:13,"WELLS"
"022","GILA BEND AUXILLARY AIR FIELD",1/31/2003 5:53:55,"WELLS",9/6/2017 9:57:13,"WELLS"
"023","RAYTHEON AIR FORCE PLANT #44, TUCSON AIRPORT",1/31/2003 5:53:55,"WELLS",9/6/2017 9:57:13,"WELLS"
"025","YUMA ARMY PROVING GROUNDS",1/31/2003 5:53:55,"WELLS",9/6/2017 9:57:13,"WELLS"
"028","BROADWAY-PANTANO",1/31/2003 5:53:55,"WELLS",9/6/2017 9:57:13,"WELLS"
"030","ESTES LANDFILL",1/31/2003 5:53:55,"WELLS",9/6/2017 9:57:13,"WELLS"
"036","LOS REALES LANDFILL",1/31/2003 5:53:55,"WELLS",9/6/2017 9:57:13,"WELLS"
"038","MIRACLE MILE",1/31/2003 5:53:55,"WELLS",9/6/2017 9:57:13,"WELLS"
"042","PINAL CREEK",1/31/2003 5:53:55,"WELLS",9/6/2017 9:57:13,"WELLS"
"045","SILVERBELL JAIL ANNEX LANDFILL",1/31/2003 5:53:55,"WELLS",9/6/2017 9:57:13,"WELLS"
"047","MOTOROLA 52ND STREET",1/31/2003 5:53:55,"WELLS",9/6/2017 9:57:13,"WELLS"
"048","SOUTH MESA",1/31/2003 5:53:55,"WELLS",9/6/2017 9:57:13,"WELLS"
"054","EL CAMINO DEL CERRO",1/31/2003 5:53:55,"WELLS",9/6/2017 9:57:13,"WELLS"
"055","7TH AVENUE AND BETHANY HOME ROAD",11/1/2004 7:34:33,"WRREH",9/6/2017 9:57:15,"WELLS"
"056","56TH ST & EARLL DRIVE",11/1/2004 7:34:33,"WRREH",9/6/2017 9:57:15,"WELLS"
"067","16TH STREET AND CAMELBACK",1/31/2003 5:53:55,"WELLS",9/6/2017 9:57:14,"WELLS"
"076","VULTURE MILL",1/31/2003 5:53:55,"WELLS",9/6/2017 9:57:14,"WELLS"
"088","CENTRAL AND CAMELBACK",1/31/2003 5:53:55,"WELLS",9/6/2017 9:57:14,"WELLS"
"089","ECP-38TH STREET AND INDIAN SCHOOL ROAD",1/31/2003 5:53:55,"WELLS",9/6/2017 9:57:14,"WELLS"
"090","ECP-40TH STREET AND INDIAN SCHOOL ROAD",1/31/2003 5:53:55,"WELLS",9/6/2017 9:57:14,"WELLS"
"091","ECP-48TH STREET AND INDIAN SCHOOL ROAD",1/31/2003 5:53:55,"WELLS",9/6/2017 9:57:14,"WELLS"
"092","EAST WASHINGTON FLUFF",1/31/2003 5:53:55,"WELLS",9/6/2017 9:57:14,"WELLS"
"093","KLONDYKE TAILINGS",1/31/2003 5:53:55,"WELLS",9/6/2017 9:57:14,"WELLS"
"094","PARK-EUCLID",1/31/2003 5:53:55,"WELLS",9/6/2017 9:57:14,"WELLS"
"095","SHANNON ROAD-RILLITO CREEK",1/31/2003 5:53:55,"WELLS",9/6/2017 9:57:14,"WELLS"
"096","TYSON WASH",1/31/2003 5:53:55,"WELLS",9/6/2017 9:57:14,"WELLS"
"097","WCP-EAST GRAND AVENUE",1/31/2003 5:53:55,"WELLS",9/6/2017 9:57:14,"WELLS"
"098","WCP-NORTH CANAL PLUME",1/31/2003 5:53:55,"WELLS",9/6/2017 9:57:14,"WELLS"
"099","WCP-NORTH PLUME",1/31/2003 5:53:55,"WELLS",9/6/2017 9:57:14,"WELLS"
"100","WCP-WEST GRAND AVENUE",1/31/2003 5:53:55,"WELLS",9/6/2017 9:57:14,"WELLS"
"10062","7TH STREET AND MISSOURI",1/5/2017 14:54:36,"WRREH",9/6/2017 9:57:13,"WELLS"
"1009","WVB WITH LUST AND VRP",11/1/2004 7:34:33,"WRREH",9/6/2017 9:57:15,"WELLS"
"101","WCP-WEST OSBORN COMPLEX",1/31/2003 5:53:55,"WELLS",9/6/2017 9:57:14,"WELLS"
"10105","HIGHWAY 260 AND JOHNSON LANE",8/26/2016 13:34:19,"WRREH",9/6/2017 9:57:11,"WELLS"
"1012","YMCAS WITH LUST AND VRP",11/4/2004 9:14:44,"WELLS",9/6/2017 9:57:11,"WELLS"
"102","WESTERN AVENUE PLUME",1/31/2003 5:53:55,"WELLS",9/6/2017 9:57:14,"WELLS"
"103","PHOENIX/GOODYEAR AIRPORT-SOUTH",1/31/2003 5:53:55,"WELLS",9/6/2017 9:57:14,"WELLS"
"1047","M52 WITH LUST AND VRP",11/1/2004 7:34:33,"WRREH",9/6/2017 9:57:15,"WELLS"
"1108","20TH WITH LUST AND VRP",11/4/2004 9:14:44,"WELLS",9/6/2017 9:57:11,"WELLS"
"1111","7TH WITH LUST AND VRP",11/4/2004 9:14:44,"WELLS",9/6/2017 9:57:11,"WELLS"
"1209","WVB WITH RCRA AND VRP",11/8/2004 12:10:23,"WELLS",9/6/2017 9:57:11,"WELLS"
"121","ECP-40TH STREET AND OSBORN ROAD",1/31/2003 5:53:55,"WELLS",9/6/2017 9:57:14,"WELLS"
"122","ECP-24TH STREET AND GRAND CANAL",1/31/2003 5:53:55,"WELLS",9/6/2017 9:57:14,"WELLS"
"123","TONTO AND CHERRY",1/31/2003 5:53:55,"WELLS",9/6/2017 9:57:14,"WELLS"
"1409","WVB WITH LUST AND RCRA AND VRP",11/18/2004 8:23:31,"WRREH",9/6/2017 9:57:11,"WELLS"
"201","SIBW WITH LUST",5/5/2003 9:37:28,"WRHFS",9/6/2017 9:57:14,"WELLS"
"202","NIBW WITH LUST",5/5/2003 9:37:28,"WRHFS",9/6/2017 9:57:14,"WELLS"
"205","WAFB WITH LUST",11/1/2004 7:34:33,"WRREH",9/6/2017 9:57:15,"WELLS"
"207","PPCE WITH LUST",5/5/2003 9:37:28,"WRHFS",9/6/2017 9:57:14,"WELLS"
"209","WVB WITH LUST",5/5/2003 9:37:28,"WRHFS",9/6/2017 9:57:14,"WELLS"
"210","19TH WITH LUST",5/5/2003 9:37:28,"WRHFS",9/6/2017 9:57:14,"WELLS"
"211","DMAFB WITH LUST",11/1/2004 7:34:33,"WRREH",9/6/2017 9:57:15,"WELLS"
"212","YMCAS WITH LUST",5/5/2003 9:37:28,"WRHFS",9/6/2017 9:57:14,"WELLS"
"215","PGAN WITH LUST",11/1/2004 7:34:33,"WRREH",9/6/2017 9:57:15,"WELLS"
"216","TIAA WITH LUST",5/5/2003 9:37:28,"WRHFS",9/6/2017 9:57:14,"WELLS"
"217","161ST WITH LUST",11/1/2004 7:34:33,"WRREH",9/6/2017 9:57:15,"WELLS"
"221","FH WITH LUST",11/1/2004 7:34:33,"WRREH",9/6/2017 9:57:11,"WELLS"
"225","YAPG WITH LUST",11/1/2004 7:34:33,"WRREH",9/6/2017 9:57:11,"WELLS"
"230","ELF WITH LUST",11/1/2004 7:34:33,"WRREH",9/6/2017 9:57:11,"WELLS"
"242","PC WITH LUST",5/5/2003 9:37:28,"WRHFS",9/6/2017 9:57:14,"WELLS"
"247","M52 WITH LUST",5/5/2003 9:37:28,"WRHFS",9/6/2017 9:57:14,"WELLS"
"255","7THBETH WITH LUST",11/1/2004 7:34:33,"WRREH",9/6/2017 9:57:11,"WELLS"
"256","56EARLL WITH LUST",11/1/2004 7:34:33,"WRREH",9/6/2017 9:57:11,"WELLS"
"258","LWDA WITH LUST",11/1/2004 7:34:33,"WRREH",9/6/2017 9:57:11,"WELLS"
"260","HWY 260 AND MAIN",9/6/2017 8:50:58,"WRREH",9/6/2017 9:57:11,"WELLS"
"267","16CB WITH LUST",5/5/2003 9:37:28,"WRHFS",9/6/2017 9:57:14,"WELLS"
"288","CC WITH LUST",5/5/2003 9:37:28,"WRHFS",9/6/2017 9:57:14,"WELLS"
"289","ECP-38IS WITH LUST",2/18/2004 7:25:23,"WRHFS",9/6/2017 9:57:14,"WELLS"
"290","ECP-40IS WITH LUST",5/5/2003 9:37:28,"WRHFS",9/6/2017 9:57:14,"WELLS"
"291","ECP-48IS WITH LUST",2/18/2004 7:25:23,"WRHFS",9/6/2017 9:57:14,"WELLS"
"296","TW WITH LUST",2/18/2004 7:25:23,"WRHFS",9/6/2017 9:57:14,"WELLS"
"297","WCP-EGA WITH LUST",2/18/2004 7:25:23,"WRHFS",9/6/2017 9:57:14,"WELLS"
"298","WCP-NCP WITH LUST",2/18/2004 7:25:23,"WRHFS",9/6/2017 9:57:14,"WELLS"
"299","WCP-NP WITH LUST",11/1/2004 7:34:33,"WRREH",9/6/2017 9:57:11,"WELLS"
"301","WCP-WOC WITH LUST",5/5/2003 9:37:28,"WRHFS",9/6/2017 9:57:14,"WELLS"
"302","WAP WITH LUST",5/5/2003 9:37:28,"WRHFS",9/6/2017 9:57:14,"WELLS"
"303","PGAS WITH LUST",11/1/2004 7:34:33,"WRREH",9/6/2017 9:57:11,"WELLS"
"320","ECP-32IS WITH LUST",2/18/2004 7:25:23,"WRHFS",9/6/2017 9:57:14,"WELLS"
"323","TC WITH LUST",11/1/2004 7:34:33,"WRREH",9/6/2017 9:57:11,"WELLS"
"409","WVB WITH RCRA",5/5/2003 9:37:28,"WRHFS",9/6/2017 9:57:14,"WELLS"
"410","19TH WITH RCRA",2/18/2004 7:25:23,"WRHFS",9/6/2017 9:57:14,"WELLS"
"411","DMAFB WITH RCRA",1/28/2004 11:20:39,"WRHFS",9/6/2017 9:57:14,"WELLS"
"416","TIAA WITH RCRA",5/5/2003 9:37:28,"WRHFS",9/6/2017 9:57:14,"WELLS"
"423","AFP44 WITH RCRA",5/5/2003 9:37:28,"WRHFS",9/6/2017 9:57:14,"WELLS"
"430","ELF WITH RCRA",5/5/2003 9:37:28,"WRHFS",9/6/2017 9:57:14,"WELLS"
"457","COOPCOM WITH RCRA",11/8/2004 12:10:23,"WELLS",9/6/2017 9:57:11,"WELLS"
"609","WVB WITH VRP",5/5/2003 9:37:28,"WRHFS",9/6/2017 9:57:14,"WELLS"
"612","YMCAS WITH VRP",11/4/2004 9:14:44,"WELLS",9/6/2017 9:57:11,"WELLS"
"628","BP WITH VRP",10/24/2005 9:37:45,"WRREH",9/6/2017 9:57:11,"WELLS"
"645","SJ WITH VRP",10/24/2005 9:37:59,"WRREH",9/6/2017 9:57:11,"WELLS"
"647","M52 WITH VRP",11/1/2004 7:34:33,"WRREH",9/6/2017 9:57:11,"WELLS"
"648","SM WITH VRP",10/24/2005 9:38:11,"WRREH",9/6/2017 9:57:11,"WELLS"
"708","20TH WITH VRP",11/4/2004 9:14:44,"WELLS",9/6/2017 9:57:11,"WELLS"
"809","WVB WITH LUST AND RCRA",11/1/2004 7:34:33,"WRREH",9/6/2017 9:57:11,"WELLS"
"830","ELF WITH LUST AND RCRA",11/18/2004 8:23:02,"WRREH",9/6/2017 9:57:11,"WELLS"
"9913","AFP44R WITHIN 1/2MI RCRA",9/6/2017 8:50:58,"WRREH",9/6/2017 9:57:12,"WELLS"
"9914","AFP44E",9/6/2017 8:50:58,"WRREH",9/6/2017 9:57:12,"WELLS"
"9915","162NDWC",9/6/2017 8:50:58,"WRREH",9/6/2017 9:57:12,"WELLS"
"9916","162NDNG",9/6/2017 8:50:58,"WRREH",9/6/2017 9:57:12,"WELLS"
"9917","AFP44R WITHIN 1/2MI VRP",9/6/2017 8:50:58,"WRREH",9/6/2017 9:57:12,"WELLS"
"9918","AFP44R",9/6/2017 8:50:58,"WRREH",9/6/2017 9:57:12,"WELLS"
"9919","WCP-WO,WVB WITHIN 500FT OF LUST",9/6/2017 8:50:58,"WRREH",9/6/2017 9:57:12,"WELLS"
"9920","WCP-NCP WITHIN 1/2MI VRP",9/6/2017 8:50:58,"WRREH",9/6/2017 9:57:12,"WELLS"
"9921","WCP-WO,WVB WITHIN 1/2MI VRP",9/6/2017 8:50:58,"WRREH",9/6/2017 9:57:12,"WELLS"
"9922","WCP-NCP,WC WITHIN 500FT LUST",9/6/2017 8:50:58,"WRREH",9/6/2017 9:57:12,"WELLS"
"9923","ECP-24GC,E WITHIN 500FT LUST",9/6/2017 8:50:58,"WRREH",9/6/2017 9:57:12,"WELLS"
"9924","ECP-24GC,E",9/6/2017 8:50:58,"WRREH",9/6/2017 9:57:12,"WELLS"
"9925","WCP-NCP,WC",9/6/2017 8:50:58,"WRREH",9/6/2017 9:57:12,"WELLS"
"9926","WCP-WO,WVB",9/6/2017 8:50:58,"WRREH",9/6/2017 9:57:12,"WELLS"
"9927","ECP-32IS",9/6/2017 8:50:58,"WRREH",9/6/2017 9:57:12,"WELLS"
"9928","WVB WITHIN 1/2MI VRP, 1MI NPL",9/6/2017 8:50:58,"WRREH",9/6/2017 9:57:12,"WELLS"
"9929","WVB WITHIN 1/2MI VRP, 1/2MI RCRA, 1MI NPL",9/6/2017 8:50:58,"WRREH",9/6/2017 9:57:12,"WELLS"
"9931","WCP-WO WITHIN 1/2MI VRP",9/6/2017 8:50:58,"WRREH",9/6/2017 9:57:12,"WELLS"
"9932","WCP-EGA WITHIN 500FT LUST, 1/2MI VRP",9/6/2017 8:50:58,"WRREH",9/6/2017 9:57:12,"WELLS"
"9933","WCP-EGA WITHIN 1/2MI VRP",9/6/2017 8:50:58,"WRREH",9/6/2017 9:57:12,"WELLS"
"9934","WCP-WO WITHIN 500FT LUST",9/6/2017 8:50:58,"WRREH",9/6/2017 9:57:12,"WELLS"
"9935","SIBW WITHIN 500FT LUST, 1/2MI VRP",9/6/2017 8:50:58,"WRREH",9/6/2017 9:57:12,"WELLS"
"9936","SIBW WITHIN 1/2MI VRP",9/6/2017 8:50:58,"WRREH",9/6/2017 9:57:12,"WELLS"
"9937","PC WITHIN 1/2MI VRP",9/6/2017 8:50:58,"WRREH",9/6/2017 9:57:12,"WELLS"
"9938","NIBW WITHIN 500FT LUST, 1/2MI VRP",9/6/2017 8:50:58,"WRREH",9/6/2017 9:57:12,"WELLS"
"9939","NIBW WITHIN 1/2MI VRP",9/6/2017 8:50:58,"WRREH",9/6/2017 9:57:12,"WELLS"
"9940","WITHIN 1MI OF REMEDIAL ACTION SITE, 1/2MI RCRA, 1M",9/6/2017 8:50:58,"WRREH",9/6/2017 9:57:12,"WELLS"
"9941","WITHIN 1MI OF REMEDIAL ACTION SITE, 1/2MI VRP, 1MI",9/6/2017 8:50:58,"WRREH",9/6/2017 9:57:13,"WELLS"
"9942","WITHIN 1MI OF REMEDIAL ACTION SITE, 1MI DOD, 1MI N",9/6/2017 8:50:58,"WRREH",9/6/2017 9:57:13,"WELLS"
"9943","WITHIN 1MI OF REMEDIAL ACTION SITE, 1/2MI VRP, 1/2",9/6/2017 8:50:58,"WRREH",9/6/2017 9:57:13,"WELLS"
"9944","WITHIN 1MI OF REMEDIAL ACTION SITE, 500FT OF LUST,",9/6/2017 8:50:58,"WRREH",9/6/2017 9:57:13,"WELLS"
"9945","WITHIN 1MI OF REMEDIAL ACTION SITE, 1/2MI RCRA, 1M",9/6/2017 8:50:58,"WRREH",9/6/2017 9:57:13,"WELLS"
"9946","M52 WITHIN 1/2MI VRP, 1MI DOD",9/6/2017 8:50:58,"WRREH",9/6/2017 9:57:13,"WELLS"
"9947","LUKEWDR WITHIN 500FT LUST",9/6/2017 8:50:58,"WRREH",9/6/2017 9:57:13,"WELLS"
"9948","ELF WITHIN 1/2MI RCRA, 1MI DOD",9/6/2017 8:50:58,"WRREH",9/6/2017 9:57:13,"WELLS"
"9949","ECP-32IS WITHIN 1/2MI VRP",9/6/2017 8:50:58,"WRREH",9/6/2017 9:57:13,"WELLS"
"9950","CNOB",9/6/2017 8:50:58,"WRREH",9/6/2017 9:57:13,"WELLS"
"9951","7STMISS WITHIN 500FT LUST, 1/2MI VRP",9/6/2017 8:50:58,"WRREH",9/6/2017 9:57:13,"WELLS"
"9952","56EARLL WITHIN 500FT LUST, 1MI NPL",9/6/2017 8:50:58,"WRREH",9/6/2017 9:57:13,"WELLS"
"9953","19TH WITHIN 1MI REMEDIAL ACTION SITE, 500FT LUST",9/6/2017 8:50:58,"WRREH",9/6/2017 9:57:13,"WELLS"
"9954","19TH WITHIN 1MI REMEDIAL ACTION SITE",9/6/2017 8:50:58,"WRREH",9/6/2017 9:57:13,"WELLS"
"9955","161ST WITHIN 1/2MI VRP, 1MI NPL",9/6/2017 8:50:58,"WRREH",9/6/2017 9:57:13,"WELLS"
"9956","161ST WITHIN 1/2MI VRP",9/6/2017 8:50:58,"WRREH",9/6/2017 9:57:13,"WELLS"
"9957","161ST WITHIN 500FT LUST, 1/2MI VRP, 1MI NPL",9/6/2017 8:50:58,"WRREH",9/6/2017 9:57:13,"WELLS"
"9958","161ST WITHIN 1MI OF REMEDIAL ACTION SITE, 1MI OF N",9/6/2017 8:50:58,"WRREH",9/6/2017 9:57:13,"WELLS"
"9959","IKM WITHIN 1/2MI VRP",9/6/2017 8:50:58,"WRREH",9/6/2017 9:57:13,"WELLS"
"9960","WVB WITHIN 1/2MI RCRA, 1MI NPL",9/6/2017 8:50:58,"WRREH",9/6/2017 9:57:13,"WELLS"
"9961","WVB WITHIN 500FT LUST, 1/2MI RCRA, 1MI NPL",9/6/2017 8:50:58,"WRREH",9/6/2017 9:57:13,"WELLS"
"9962","M52 WITHIN 1MI REMEDIAL ACTION SITE, 1/2MI VRP",9/6/2017 8:50:58,"WRREH",9/6/2017 9:57:13,"WELLS"
"9963","M52 WITHIN 1MI REMEDIAL ACTION SITE, 500FT LUST, 1",9/6/2017 8:50:58,"WRREH",9/6/2017 9:57:13,"WELLS"
"9964","M52 WITHIN 1MI REMEDIAL ACTION SITE, 500FT LUST",9/6/2017 8:50:58,"WRREH",9/6/2017 9:57:13,"WELLS"
"9965","M52 WITHIN 1MI REMEDIAL ACTION SITE",9/6/2017 8:50:58,"WRREH",9/6/2017 9:57:13,"WELLS"
"9966","56EARLL WITHIN 1MI NPL",9/6/2017 8:50:58,"WRREH",9/6/2017 9:57:13,"WELLS"
"9967","WVB WITHIN 500FT LUST, 1MI NPL",9/6/2017 8:50:58,"WRREH",9/6/2017 9:57:13,"WELLS"
"9968","WVB WITHIN 1MI NPL",9/6/2017 8:50:58,"WRREH",9/6/2017 9:57:12,"WELLS"
"9969","ECP-24THGC, WITHIN 500FT LUST",9/6/2017 8:50:58,"WRREH",9/6/2017 9:57:12,"WELLS"
"9970","LR WITHIN 1/2MI VRP",9/6/2017 8:50:58,"WRREH",9/6/2017 9:57:12,"WELLS"
"9971","AFP44 WITHIN 1/2MI VRP",9/6/2017 8:50:58,"WRREH",9/6/2017 9:57:12,"WELLS"
"9972","AFP44 WITHIN 500FT LUST",9/6/2017 8:50:58,"WRREH",9/6/2017 9:57:12,"WELLS"
"9973","WITHIN 1MI OF REMEDIAL ACTION SITE, 500FT OF LUST,",9/6/2017 8:50:58,"WRREH",9/6/2017 9:57:12,"WELLS"
"9974","WITHIN 1M OF REMEDIAL ACTION SITE, 1MI OF DOD",9/6/2017 8:50:58,"WRREH",9/6/2017 9:57:12,"WELLS"
"9975","WITHIN 500FT OF LUST, 1/2MI RCRA, 1MI DOD",9/6/2017 8:50:58,"WRREH",9/6/2017 9:57:12,"WELLS"
"9976","WITHIN 1/2MI VRP, 1/2MI OF RCRA, 1MI DOD",9/6/2017 8:50:58,"WRREH",9/6/2017 9:57:12,"WELLS"
"9977","DMAFB WITHIN 1/2MI VRP, 1MI RCRA",9/6/2017 8:50:58,"WRREH",9/6/2017 9:57:12,"WELLS"
"9978","DMAFB WITHIN 1/2MI VRP",9/6/2017 8:50:58,"WRREH",9/6/2017 9:57:12,"WELLS"
"9979","PE WITHIN 1/2MI VRP",9/6/2017 8:50:58,"WRREH",9/6/2017 9:57:12,"WELLS"
"9980","7TH",9/6/2017 8:50:58,"WRREH",9/6/2017 9:57:12,"WELLS"
"9981","7TH WITHIN 1/2MI VRP",9/6/2017 8:50:58,"WRREH",9/6/2017 9:57:12,"WELLS"
"9982","SG WITHIN 500FT LUST, 1/2MI VRP",9/6/2017 8:50:58,"WRREH",9/6/2017 9:57:12,"WELLS"
"9983","SJ WITHIN 500FT LUST, 1/2MI LUST",9/6/2017 8:50:58,"WRREH",9/6/2017 9:57:12,"WELLS"
"9984","MM WITHIN 500FT LUST",9/6/2017 8:50:58,"WRREH",9/6/2017 9:57:12,"WELLS"
"9985","ECDC WITHIN 500FT LUST, 1/2MI VRP",9/6/2017 8:50:58,"WRREH",9/6/2017 9:57:12,"WELLS"
"9986","ECDC WITHIN 1/2MI VRP",9/6/2017 8:50:58,"WRREH",9/6/2017 9:57:12,"WELLS"
"9987","WAFB WITHIN 1/2MI VRP",9/6/2017 8:50:58,"WRREH",9/6/2017 9:57:12,"WELLS"
"9988","COOPCOM",9/6/2017 8:50:58,"WRREH",9/6/2017 9:57:12,"WELLS"
"9989","WITHIN 1MI OF REMEDIAL ACTION SITE, 1/2MI OF VRP, ",9/6/2017 8:50:58,"WRREH",9/6/2017 9:57:12,"WELLS"
"9990","WITHIN 1MI OF REMEDIAL ACTION SITE, 500FT OF LUST,",9/6/2017 8:50:58,"WRREH",9/6/2017 9:57:12,"WELLS"
"9991","20TH STREET AND FACTOR AVENUE",9/6/2017 8:50:58,"WRREH",9/6/2017 9:57:12,"WELLS"
"9992","WITHIN 1MI OF REMEDIAL ACTION SITE, 500FT OF LUST,",9/6/2017 8:50:58,"WRREH",9/6/2017 9:57:12,"WELLS"
"9993","WITHIN 1/2 MI VRP, PGAN",9/6/2017 8:50:58,"WRREH",9/6/2017 9:57:12,"WELLS"
"9994","WITHIN 1MI OF REMEDIAL ACTION SITE, 500FT OF LUST,",9/6/2017 8:50:58,"WRREH",9/6/2017 9:57:12,"WELLS"
"9995","WITHIN 1MI OF NPL, WAP",9/6/2017 8:50:58,"WRREH",9/6/2017 9:57:12,"WELLS"
"9996","WITHIN 1MI OF REMEDIAL ACTION SITE, PGAS1",9/6/2017 8:50:58,"WRREH",9/6/2017 9:57:12,"WELLS"
"9997","WITHIN 1MI OF REMEDIAL ACTION SITE, PGAN",9/6/2017 8:50:58,"WRREH",9/6/2017 9:57:12,"WELLS"
"9998","WITHIN 1MI OF NPL, 1MI WQARF",9/6/2017 8:50:58,"WRREH",9/6/2017 9:57:12,"WELLS"
"D&L","WITHIN 1 MI OF A DOD SITE AND 500 FT OF LUST",2/2/2005 9:06:33,"WRREH",9/6/2017 10:06:42,"WELLS"
"D&R","WITHIN 1 MI OF A DOD SITE AND 1/2 MI OF RCRA",2/2/2005 9:06:33,"WRREH",9/6/2017 10:06:42,"WELLS"
"D&V","WITHIN 1 MI OF A DOD SITE AND 1/2 MI OF VRP",2/2/2005 9:06:33,"WRREH",9/6/2017 10:06:42,"WELLS"
"DLV","WITHIN 1MI OF DOD, 500FT OF LUST, 1/2MI OF VRP",2/2/2005 9:06:33,"WRREH",9/6/2017 9:57:11,"WELLS"
"DOD","WITHIN 1 MI OF A DOD SITE",2/2/2005 9:06:33,"WRREH",9/6/2017 9:57:13,"WELLS"
"IKM","IRON KING MINE/HUMBOLDT SMELTER",9/6/2017 8:50:58,"WRREH",9/6/2017 9:57:11,"WELLS"
"L&R","WITHIN 500 FT OF LUST AND 1/2 MI OF RCRA",5/5/2003 9:37:28,"WRHFS",9/6/2017 10:06:42,"WELLS"
"L&V","WITHIN 500 FT OF LUST AND 1/2 MI OF VRP",11/1/2004 7:34:33,"WRREH",9/6/2017 10:06:42,"WELLS"
"LKWDR","LUKE WATERDOG RECREATION ANNEX",9/6/2017 8:50:58,"WRREH",9/6/2017 9:57:11,"WELLS"
"LLL","WITHIN 500 FT OF LUST",5/5/2003 9:37:28,"WRHFS",9/6/2017 9:57:14,"WELLS"
"LRV","WITHIN 500FT OF LUST, 1/2MI OF RCRA, 1/2MI OF VRP",11/4/2004 9:14:44,"WELLS",9/6/2017 9:57:11,"WELLS"
"MDBCP","MESA DBCP",9/6/2017 8:50:58,"WRREH",9/6/2017 9:57:11,"WELLS"
"N&L","WITHIN 1 MI OF A NPL SITE AND 500 FT OF LUST",2/2/2005 9:06:33,"WRREH",9/6/2017 10:06:42,"WELLS"
"N&R","WITHIN 1 MI OF A NPL SITE AND 1/2 MI OF RCRA",2/2/2005 9:06:33,"WRREH",9/6/2017 10:06:42,"WELLS"
"N&V","WITHIN 1 MI OF A NPL SITE AND 1/2 MI OF VRP",2/2/2005 9:06:33,"WRREH",9/6/2017 10:06:42,"WELLS"
"NDL","WITHIN 1 MI OF A NPL/DOD SITE AND 500 FT OF LUST",2/2/2005 9:06:33,"WRREH",9/6/2017 9:57:14,"WELLS"
"NDLV","WITHIN 1MI OF NPL/DOD, 500FT OF LUST, 1/2MI OF VRP",2/2/2005 9:06:33,"WRREH",9/6/2017 9:57:14,"WELLS"
"NDV","WITHIN 1 MI OF A NPL/DOD SITE AND 1/2 MI OF VRP",2/2/2005 9:06:33,"WRREH",9/6/2017 9:57:14,"WELLS"
"NLV","WITHIN 1MI OF NPL, 500FT OF LUST, 1/2MI OF VRP",2/2/2005 9:06:33,"WRREH",9/6/2017 9:57:14,"WELLS"
"NPDOD","WITHIN 1 MI OF A NPL/DOD SITE",2/2/2005 9:06:33,"WRREH",9/6/2017 9:57:14,"WELLS"
"NPL","WITHIN 1 MI OF A NPL SITE",2/2/2005 9:06:33,"WRREH",9/6/2017 9:57:14,"WELLS"
"NRV","WITHIN 1MI OF NPL, 1/2MI OF RCRA, 1/2 MI OF VRP",2/2/2005 9:06:33,"WRREH",9/6/2017 9:57:11,"WELLS"
"R&V","WITHIN 1/2 MI OF RCRA AND 1/2 MI OF VRP",11/4/2004 9:14:44,"WELLS",9/6/2017 10:06:42,"WELLS"
"RRR","WITHIN 1/2 MI OF RCRA",5/5/2003 9:37:28,"WRHFS",9/6/2017 9:57:14,"WELLS"
"SG","STONE AND GRANT",9/6/2017 8:50:58,"WRREH",9/6/2017 9:57:11,"WELLS"
"TXINS","TEXAS INSTRUMENT",9/6/2017 8:50:58,"WRREH",9/6/2017 9:57:11,"WELLS"
"VVV","WITHIN 1/2 MI OF VRP",11/1/2004 7:34:33,"WRREH",9/6/2017 9:57:11,"WELLS"
"X&L","WITHIN 1 MILE OF A REMEDIAL ACTION SITE AND 500 FT",5/5/2003 9:37:28,"WRHFS",9/6/2017 10:06:42,"WELLS"
"X&R","WITHIN 1 MILE OF A REMEDIAL ACTION SITE AND 1/2MI ",5/5/2003 9:37:28,"WRHFS",9/6/2017 10:06:42,"WELLS"
"X&V","WITHIN 1 MILE OF A REMEDIAL ACTION SITE AND 1/2 MI",11/1/2004 7:34:33,"WRREH",9/6/2017 10:06:42,"WELLS"
"XLN","WITHIN 1MI NPL, 500FT LUST, 1MI WQARF",9/6/2017 8:50:58,"WRREH",9/6/2017 9:57:12,"WELLS"
"XLR","WITHIN 1MI OF REMEDIAL ACTION SITE, 500FT OF LUST,",5/5/2003 9:37:28,"WRHFS",9/6/2017 9:57:14,"WELLS"
"XLRV","1MI REMEDAIL ACTION SITE, 500FT LUST, 1/2MI RCRA, ",11/18/2004 8:22:25,"WRREH",9/6/2017 9:57:11,"WELLS"
"XLV","WITHIN 1MI OF REMEDIAL ACTION SITE, 500FT OF LUST,",11/1/2004 7:34:33,"WRREH",9/6/2017 9:57:11,"WELLS"
"XRV","WITHIN 1MI OFREMEDIAL ACTION SITE, 1/2MI OF RCRA, ",11/4/2004 9:14:44,"WELLS",9/6/2017 9:57:11,"WELLS"
"XXX","WITHIN 1 MILE OF A REMEDIAL ACTION SITE",1/31/2003 5:53:55,"WELLS",9/6/2017 9:57:14,"WELLS"
