"NUM","DLIC_NUM","COMPANY","ADDRESS1","ADDRESS2","CITY","STATE","ZIP","PHONE","ROC_LICENSES","QUALIFYING_PARTY","COMMENTS","CREATEBY","CREATEDT","UPDATEDT","UPDATEBY"
159,159,"SALT RIVER PROJECT",,,,,,,,,"SINGLE WELL LICENSE - REISSUED 03/23/94","WELLS",9/24/1997 15:20:11,9/30/1997 12:49:11,"WELLS"
161,161,"SHERER, FRANK",,,,,,,,,"SINGLE WELL LICENSE - REISSUED 05/05/94","WELLS",9/24/1997 15:20:11,9/30/1997 12:49:11,"WELLS"
162,162,"CHRISTENSEN, LOT",,,,,,,,,"SINGLE WELL LICENSE - REISSUED 06/03/94","WELLS",9/24/1997 15:20:11,9/30/1997 12:49:11,"WELLS"
166,166,"CROWDER RANCHES",,,,,,,,,"SINGLE WELL LICENSE - REISSUED 06/13/94","WELLS",9/24/1997 15:20:11,9/30/1997 12:49:11,"WELLS"
167,167,"BARKER, FORREST E.",,,,,,,,,"SINGLE WELL LICENSE - REISSUED 06/13/94","WELLS",9/24/1997 15:20:11,9/30/1997 12:49:11,"WELLS"
168,168,"TAYLOR, LEE E., M.D.",,,,,,,,,"SINGLE WELL LICENSE - REISSUED 07/12/94","WELLS",9/24/1997 15:20:11,9/30/1997 12:49:11,"WELLS"
171,171,"SMITH, ERROL A.",,,,,,,,,"SINGLE WELL LICENSE - REISSUED 07/08/94","WELLS",9/24/1997 15:20:11,9/30/1997 12:49:11,"WELLS"
174,174,"JONES, LEE",,,,,,,,,"SINGLE WELL LICENSE - REISSUED 09/26/94","WELLS",9/24/1997 15:20:11,9/30/1997 12:49:11,"WELLS"
175,175,"SORRELS, RICK",,,,,,,,,"SINGLE WELL LICENSE - REISSUED 08/04/94","WELLS",9/24/1997 15:20:11,9/30/1997 12:49:11,"WELLS"
176,176,"KILBY'S WATER WELL SERVICE",,,,,,,,,"SINGLE WELL LICENSE - REISSUED 07/22/94","WELLS",9/24/1997 15:20:11,9/30/1997 12:49:11,"WELLS"
177,177,"BUSBY, JOE V.",,,,,,,,,"SINGLE WELL LICENSE - REISSUED 11/04/94","WELLS",9/24/1997 15:20:11,9/30/1997 12:49:11,"WELLS"
178,178,"BERRYHILL, GEORGE E.",,,,,,,,,"SINGLE WELL LICENSE - REISSUED 11/08/94","WELLS",9/24/1997 15:20:11,9/30/1997 12:49:11,"WELLS"
181,181,"EHLE, FRANK",,,,,,,,,"SINGLE WELL LICENSE - REISSUED 12/12/94","WELLS",9/24/1997 15:20:11,9/30/1997 12:49:11,"WELLS"
182,182,"CLAYTON, GLEN Q.",,,,,,,,,"SINGLE WELL LICENSE - REISSUED 11/08/94","WELLS",9/24/1997 15:20:11,9/30/1997 12:49:11,"WELLS"
184,184,"YOUNG, LARRY",,,,,,,,,"SINGLE WELL LICENSE - REISSUED 11/28/94","WELLS",9/24/1997 15:20:11,9/30/1997 12:49:11,"WELLS"
185,185,"PFIEFFER, JOSEPH M.",,,,,,,,,"SINGLE WELL LICENSE - REISSUED 12/29/94","WELLS",9/24/1997 15:20:11,9/30/1997 12:49:11,"WELLS"
187,187,"CONDE, FERNANDO",,,,,,,,,"SINGLE WELL LICENSE - REISSUED 01/04/95","WELLS",9/24/1997 15:20:11,9/30/1997 12:49:11,"WELLS"
188,188,"DEWATER, GARTH",,,,,,,,,"SINGLE WELL LICENSE - REISSUED 01/12/95","WELLS",9/24/1997 15:20:11,9/30/1997 12:49:11,"WELLS"
191,191,"WORST, CLAY",,,,,,,,,"SINGLE WELL LICENSE - REISSUED 03/20/95","WELLS",9/24/1997 15:20:11,9/30/1997 12:49:11,"WELLS"
192,192,"MCCOLGAN, STEVE",,,,,,,,,"SINGLE WELL LICENSE - REISSUED 03/20/95","WELLS",9/24/1997 15:20:11,9/30/1997 12:49:11,"WELLS"
194,194,"HALL, CLARENCE",,,,,,,,,"SINGLE WELL LICENSE - REISSUED 03/20/95","WELLS",9/24/1997 15:20:11,9/30/1997 12:49:11,"WELLS"
201,201,"GDN SDS FARM SERVICE, INC.",,,,,,,,,"SINGLE WELL LICENSE - REISSUED 05/30/95","WELLS",9/24/1997 15:20:11,9/30/1997 12:49:11,"WELLS"
211,211,"MANAHAN, JAMES C.",,,,,,,,,"SINGLE WELL LICENSE - REISSUED 05/22/95","WELLS",9/24/1997 15:20:11,9/30/1997 12:49:11,"WELLS"
214,214,"JOHNSON, GEORGE",,,,,,,,,"SINGLE WELL LICENSE - REISSUED 03/23/94","WELLS",9/24/1997 15:20:11,9/30/1997 12:49:11,"WELLS"
230,230,"ANDERSON, WOODROW G.",,,,,,,,,"SINGLE WELL LICENSE - REISSUED 12/14/94","WELLS",9/24/1997 15:20:11,9/30/1997 12:49:11,"WELLS"
