"CODE","DESCR","BASIN_CODE","BASIN_NAME","CREATEBY","CREATEDT","UPDATEDT","UPDATEBY"
1,"LITTLE CHINO","PRE","PRESCOTT AMA","WELLS",3/10/2008 12:43:23,,
2,"UPPER AGUA FRIA","PRE","PRESCOTT AMA","WELLS",3/10/2008 12:43:23,,
3,"HASSAYAMPA","PHX","PHOENIX AMA","WELLS",3/10/2008 12:43:23,,
4,"WEST SALT RIVER VALLEY","PHX","PHOENIX AMA","WELLS",3/10/2008 12:43:23,,
5,"LAKE PLEASANT","PHX","PHOENIX AMA","WELLS",3/10/2008 12:43:23,,
6,"EAST SALT RIVER VALLEY","PHX","PHOENIX AMA","WELLS",3/10/2008 12:43:23,,
7,"CAREFREE","PHX","PHOENIX AMA","WELLS",3/10/2008 12:43:23,,
8,"FOUNTAIN HILLS","PHX","PHOENIX AMA","WELLS",3/10/2008 12:43:23,,
9,"RAINBOW VALLEY","PHX","PHOENIX AMA","WELLS",3/10/2008 12:43:23,,
10,"MARICOPA-STANFIELD","PIN","PINAL AMA","WELLS",3/10/2008 12:43:23,,
11,"ELOY","PIN","PINAL AMA","WELLS",3/10/2008 12:43:23,,
12,"VEKOL VALLEY","PIN","PINAL AMA","WELLS",3/10/2008 12:43:23,,
13,"SANTA ROSA VALLEY","PIN","PINAL AMA","WELLS",3/10/2008 12:43:23,,
14,"AGUIRRE VALLEY","PIN","PINAL AMA","WELLS",3/10/2008 12:43:23,,
15,"AVRA VALLEY","TUC","TUCSON AMA","WELLS",3/10/2008 12:43:23,,
16,"UPPER SANTA CRUZ","TUC","TUCSON AMA","WELLS",3/10/2008 12:43:23,,
17,"DOUGLAS INA","DIN","DOUGLAS INA","WELLS",3/10/2008 13:53:00,3/11/2008 14:55:59,"WELLS"
18,"JOSEPH CITY INA","JCI","JOSEPH CITY INA","WELLS",3/10/2008 13:53:00,3/11/2008 14:55:59,"WELLS"
19,"HARQUAHALA INA","HAR","HARQUAHALA INA","WELLS",3/10/2008 13:53:00,4/26/2016 14:48:09,"WELLS"
20,"AGUA FRIA","AGF","AGUA FRIA","WELLS",3/10/2008 12:43:23,,
21,"ARAVAIPA CANYON","ARA","ARAVAIPA CANYON","WELLS",3/10/2008 12:43:23,,
22,"FORT ROCK","BIS","BIG SANDY","WELLS",3/10/2008 12:43:23,,
23,"WIKIEUP","BIS","BIG SANDY","WELLS",3/10/2008 12:43:23,,
24,"ALAMO RESERVOIR","BWM","BILL WILLIAMS","WELLS",3/10/2008 12:43:23,,
25,"BURRO CREEK","BWM","BILL WILLIAMS","WELLS",3/10/2008 12:43:23,,
26,"CLARA PEAK","BWM","BILL WILLIAMS","WELLS",3/10/2008 12:43:23,,
27,"SANTA MARIA","BWM","BILL WILLIAMS","WELLS",3/10/2008 12:43:23,,
28,"SKULL VALLEY","BWM","BILL WILLIAMS","WELLS",3/10/2008 12:43:23,,
29,"BONITA CREEK","BON","BONITA CREEK","WELLS",3/10/2008 12:43:23,,
30,"BUTLER VALLEY","BUT","BUTLER VALLEY","WELLS",3/10/2008 12:43:23,,
31,"CIENEGA CREEK","CCK","CIENEGA CREEK","WELLS",3/10/2008 12:43:23,,
32,"COCONINO PLATEAU","COP","COCONINO PLATEAU","WELLS",3/10/2008 12:43:23,,
33,"DETRITAL VALLEY","DET","DETRITAL VALLEY","WELLS",3/10/2008 12:43:23,,
34,"DONNELLY WASH","DON","DONNELLY WASH","WELLS",3/10/2008 12:43:23,,
35,"DOUGLAS","DOU","DOUGLAS","WELLS",3/10/2008 12:43:23,,
36,"DRIPPING SPRING WASH","DSW","DRIPPING SPRING WASH","WELLS",3/10/2008 13:58:28,3/11/2008 14:56:00,"WELLS"
37,"DUNCAN VALLEY","DUN","DUNCAN VALLEY","WELLS",3/10/2008 12:43:23,,
38,"GILA BEND","GIL","GILA BEND","WELLS",3/10/2008 12:43:23,,
39,"GRAND WASH","GWA","GRAND WASH","WELLS",3/10/2008 12:43:23,,
40,"HUALAPAI VALLEY","HUA","HUALAPAI VALLEY","WELLS",3/10/2008 12:43:23,,
41,"KANAB PLATEAU","KAN","KANAB PLATEAU","WELLS",3/10/2008 12:43:23,,
42,"LAKE HAVASU","LKH","LAKE HAVASU","WELLS",3/10/2008 12:43:23,,
43,"LAKE MOHAVE","MHV","LAKE MOHAVE","WELLS",3/10/2008 12:43:23,,
44,"LITTLE COLORADO RIVER PLATEAU","LCR","LITTLE COLORADO RIVER PLATEAU","WELLS",3/10/2008 12:43:23,,
45,"CHILDS VALLEY","LGB","LOWER GILA","WELLS",3/10/2008 12:43:23,,
46,"DENDORA VALLEY","LGB","LOWER GILA","WELLS",3/10/2008 12:43:23,,
47,"WELLTON-MOHAWK","LGB","LOWER GILA","WELLS",3/10/2008 12:43:23,,
48,"CAMP GRANT WASH","LSP","LOWER SAN PEDRO","WELLS",3/10/2008 12:43:23,,
49,"MAMMOTH","LSP","LOWER SAN PEDRO","WELLS",3/10/2008 12:43:23,,
50,"MCMULLEN VALLEY","MMU","MCMULLEN VALLEY","WELLS",3/10/2008 12:43:23,,
51,"MEADVIEW","MEA","MEADVIEW","WELLS",3/10/2008 12:43:23,,
52,"MORENCI","MOR","MORENCI","WELLS",3/10/2008 12:43:23,,
53,"PARIA","PAR","PARIA","WELLS",3/10/2008 12:43:23,,
54,"CIBOLA VALLEY","PKB","PARKER","WELLS",3/10/2008 12:43:23,,
55,"COLORADO RIVER INDIAN RES.","PKB","PARKER","WELLS",3/10/2008 12:43:23,,
56,"LA POSA PLAINS","PKB","PARKER","WELLS",3/10/2008 12:43:23,,
57,"PEACH SPRINGS","PSC","PEACH SPRINGS","WELLS",3/10/2008 12:43:23,,
58,"RANEGRAS PLAIN","RAN","RANEGRAS PLAIN","WELLS",3/10/2008 12:43:23,,
59,"SACRAMENTO VALLEY","SAC","SACRAMENTO VALLEY","WELLS",3/10/2008 12:43:23,,
60,"GILA VALLEY","SAF","SAFFORD","WELLS",3/10/2008 12:43:23,,
61,"SAN CARLOS VALLEY","SAF","SAFFORD","WELLS",3/10/2008 12:43:23,,
62,"SAN SIMON VALLEY","SAF","SAFFORD","WELLS",3/10/2008 12:43:23,,
63,"BLACK RIVER","SRB","SALT RIVER","WELLS",3/10/2008 12:43:23,,
64,"SALT RIVER CANYON","SRB","SALT RIVER","WELLS",3/10/2008 12:43:23,,
65,"SALT RIVER LAKES","SRB","SALT RIVER","WELLS",3/10/2008 12:43:23,,
66,"WHITE RIVER","SRB","SALT RIVER","WELLS",3/10/2008 12:43:23,,
67,"SAN BERNARDINO VALLEY","SBV","SAN BERNARDINO VALLEY","WELLS",3/10/2008 13:58:28,3/11/2008 14:50:25,"WELLS"
68,"SAN RAFAEL","SRF","SAN RAFAEL","WELLS",3/10/2008 12:43:23,,
69,"SAN SIMON WASH","SSW","SAN SIMON WASH","WELLS",3/10/2008 12:43:23,,
70,"SANTA CRUZ AMA","SCA","SANTA CRUZ AMA","WELLS",3/10/2008 12:43:23,,
71,"SHIVWITS PLATEAU","SHV","SHIVWITS PLATEAU","WELLS",3/10/2008 12:43:23,,
72,"TIGER WASH","TIG","TIGER WASH","WELLS",3/10/2008 12:43:23,,
73,"TONTO CREEK","TON","TONTO CREEK","WELLS",3/10/2008 12:43:23,,
74,"UPPER HASSAYAMPA","UHA","UPPER HASSAYAMPA","WELLS",3/10/2008 12:43:23,,
75,"ALLEN FLAT","USP","UPPER SAN PEDRO","WELLS",3/10/2008 12:43:23,,
76,"SIERRA VISTA","USP","UPPER SAN PEDRO","WELLS",3/10/2008 12:43:23,,
77,"BIG CHINO","VRB","VERDE RIVER","WELLS",3/10/2008 12:43:23,,
78,"VERDE CANYON","VRB","VERDE RIVER","WELLS",3/10/2008 12:43:23,,
79,"VERDE VALLEY","VRB","VERDE RIVER","WELLS",3/10/2008 12:43:23,,
80,"VIRGIN RIVER","VRG","VIRGIN RIVER","WELLS",3/10/2008 12:43:23,,
81,"WESTERN MEXICAN DRAINAGE","WMD","WESTERN MEXICAN DRAINAGE","WELLS",3/10/2008 12:43:23,,
82,"WILLCOX","WIL","WILLCOX","WELLS",3/10/2008 12:43:23,,
83,"YUMA","YUM","YUMA","WELLS",3/10/2008 12:43:23,,
84,"SAN FRANCISCO RIVER","SFR","SAN FRANCISCO RIVER","WELLS",3/10/2008 13:58:28,,
