"CODE","DESCR","CREATEBY","CREATEDT","UPDATEDT","UPDATEBY","GROUP_NAME","ACTIVE"
50,"NO ACTION CODE LISTED","WELLS",9/26/1997 13:57:32,3/30/2015 9:39:58,"WRDGC","0","Y"
100,"LATE REGISTRATION RECEIVED","WELLS",9/26/1997 13:57:32,9/30/2014 12:24:16,"WELLS","1A-NOI INTAKE","Y"
101,"LATE REGISTRATION APPROVED","WRKMW",11/24/1999 10:40:14,9/30/2014 12:24:16,"WELLS","1A-NOI INTAKE","Y"
102,"ADMINISTRATIVE REGISTRATION (INTERNAL TO ADWR)","WRARD",8/23/2001 14:03:32,9/30/2014 12:24:16,"WELLS","9A-MISC PROC
","Y"
130,"IMPROPER FORM/NO FEE/SIGNATURE; LICENSING TIME FRAME RULES","WRKMW",7/14/1999 14:56:35,9/30/2014 12:24:16,"WELLS",,
145,"AMENDED NOI RECEIVED","WRSZR",7/26/2004 16:55:41,9/30/2014 12:24:16,"WELLS",,
150,"NOI RECEIVED FOR A NEW PRODUCTION WELL","WELLS",9/24/1997 8:56:52,9/30/2014 12:24:16,"WELLS","1A-NOI INTAKE","Y"
155,"NOI RECEIVED FOR A NEW NON-PRODUCTION WELL","WELLS",9/24/1997 8:56:52,9/30/2014 12:24:16,"WELLS","1A-NOI INTAKE","Y"
160,"NOI RECEIVED FOR DEEPENING A WELL","WELLS",9/24/1997 8:56:52,9/30/2014 12:24:16,"WELLS","1A-NOI INTAKE","Y"
165,"NOI RECEIVED FOR MODIFYING A WELL","WELLS",9/24/1997 8:56:52,9/30/2014 12:24:16,"WELLS","1A-NOI INTAKE","Y"
170,"NOI RECEIVED FOR REPLACING A WELL","WELLS",9/24/1997 8:56:52,9/30/2014 12:24:16,"WELLS","1A-NOI INTAKE","Y"
175,"NOI RECEIVED TO ABANDON A WELL","WELLS",9/24/1997 8:56:52,9/30/2014 12:24:16,"WELLS","1A-NOI INTAKE","Y"
180,"NOI RECEIVED TO DRILL AND ABANDON","WRDGC",2/28/2012 7:11:09,9/30/2014 12:24:16,"WELLS","1A-NOI INTAKE","Y"
195,"NOI WITHDRAWN","WRKMW",3/10/1999 9:47:54,9/30/2014 12:24:16,"WELLS","1C-NOI DISP","Y"
200,"NOI SENDBACK TO APPLICANT ","WELLS",9/24/1997 8:56:52,9/30/2014 12:24:16,"WELLS","1B-NOI PROC","Y"
201,"NOI SENDBACK TO APPLICANT - 2ND","WRKMW",6/8/1999 10:45:04,9/30/2014 12:24:16,"WELLS",,
202,"NOI SENDBACK TO APPLICANT - 3RD","WRKMW",6/8/1999 10:45:20,9/30/2014 12:24:16,"WELLS",,
203,"NOI SENDBACK TO APPLICANT - 4TH","WRKMW",6/8/1999 10:45:39,9/30/2014 12:24:16,"WELLS",,
204,"NOI SENDBACK TO APPLICANT - 5TH","WRKMW",6/8/1999 10:46:19,9/30/2014 12:24:16,"WELLS",,
205,"NOI SENDBACK RECEIVED","WELLS",9/26/1997 13:57:32,9/30/2014 12:24:16,"WELLS","1B-NOI PROC","Y"
206,"NOI SENDBACK RECEIVED - 2ND","WRKMW",6/8/1999 10:46:39,9/30/2014 12:24:16,"WELLS",,
207,"NOI SENDBACK RECEIVED - 3RD","WRKMW",6/8/1999 10:46:55,9/30/2014 12:24:16,"WELLS",,
208,"NOI SENDBACK RECEIVED - 4TH","WRKMW",6/8/1999 10:47:14,9/30/2014 12:24:16,"WELLS",,
209,"NOI SENDBACK RECEIVED - 5TH","WRKMW",6/8/1999 10:47:28,9/30/2014 12:24:16,"WELLS",,
210,"COUNTY HEALTH AUTHORITY ENDORSED","WELLS",9/26/1997 13:57:32,9/30/2014 12:24:16,"WELLS","1B-NOI PROC","Y"
211,"OWNER CERTIFICATION OF 100-FOOT SETBACK","WRSZR",9/29/2004 12:55:50,9/30/2014 12:24:17,"WELLS","1B-NOI PROC","Y"
215,"COUNTY APPROVAL SUPPLIED BY DRILLER VIA WEB","WRREH",11/6/2003 8:53:17,9/30/2014 12:24:16,"WELLS","1B-NOI PROC","Y"
220,"VARIANCE REQUEST RECEIVED","WRSZR",10/1/2003 11:58:12,9/30/2014 12:24:16,"WELLS","1B-NOI PROC","Y"
221,"VARIANCE REQUEST GRANTED","WRSZR",10/1/2003 11:59:15,9/30/2014 12:24:16,"WELLS","1B-NOI PROC","Y"
222,"VARIANCE REQUEST DENIED","WRSZR",10/1/2003 11:59:36,9/30/2014 12:24:16,"WELLS","1B-NOI PROC","Y"
223,"VARIANCE REQUEST NOT REQUIRED","WRSZR",12/29/2003 11:43:30,9/30/2014 12:24:16,"WELLS",,
224,"VARIANCE REVIEW PENDING","WRLLC",3/3/2005 13:37:39,9/30/2014 12:24:17,"WELLS",,
250,"NOI SENT TO HYDROLOGY FOR REVIEW","WELLS",9/26/1997 13:57:32,9/30/2014 12:24:16,"WELLS",,
255,"HYDROLOGY NOI REVIEW - DEFECTIVE","WELLS",9/24/1997 8:56:52,9/30/2014 12:24:16,"WELLS",,
260,"HYDROLOGY NOI REVIEW - APPROVED","WELLS",9/24/1997 8:56:52,9/30/2014 12:24:16,"WELLS",,
265,"HYDROLOGY NOI REVIEW - VARIANCE GRANTED","WELLS",9/24/1997 8:56:52,9/30/2014 12:24:16,"WELLS",,
270,"HYDROLOGY NOI REVIEW - NO VARIANCE REQUIRED","WELLS",9/24/1997 8:56:52,9/30/2014 12:24:16,"WELLS",,
271,"VARIANCE GRANTED THROUGH WEB REQUEST","WRREH",11/6/2003 8:53:50,9/30/2014 12:24:16,"WELLS","1B-NOI PROC","Y"
300,"APP RCVD FOR A WELL PERMIT FOR A NEW WELL (S, T)","WELLS",9/24/1997 8:56:52,9/30/2014 12:24:16,"WELLS","2A-PERMIT INTAKE
","Y"
305,"APP RCVD FOR A WELL PERMIT FOR A CONVERSION/VOLUME INCREASE (S, T)","WELLS",9/24/1997 8:56:52,6/2/2016 16:25:11,"WRDGC","2A-PERMIT INTAKE
","Y"
310,"NOI RCVD TO DEEP/MOD/REPL A NON-EXEMPT WELL (S.T. PRE-CODE, 59)","WELLS",9/24/1997 8:56:52,9/1/2015 8:59:05,"WRDGC","2A-PERMIT INTAKE
","Y"
314,"APP RCVD FOR A WITHDRAWAL PERMIT FOR AN EXISTING WELL (59)","WRJMT",11/20/2007 13:57:10,9/1/2015 9:22:07,"WRDGC","2A-PERMIT INTAKE
","Y"
315,"APP RCVD FOR A WITHDRAWAL PERMIT FOR A NEW WELL (59)","WELLS",9/24/1997 8:56:52,9/30/2014 12:24:16,"WELLS","2A-PERMIT INTAKE
","Y"
316,"APP-NOI RCVD FOR NON-EXEMPT WELL IN AMA/INA","WRKMW",1/18/2000 11:56:11,9/30/2014 12:24:16,"WELLS",,
320,"APP RCVD FOR A RECOVERY WELL PERMIT (74)","WELLS",9/24/1997 8:56:52,9/30/2014 12:24:16,"WELLS","2A-PERMIT INTAKE
","Y"
321,"APP/NOI SENT TO WATER QUALITY FOR REVIEW","WRKMW",1/18/2000 11:57:53,9/30/2014 12:24:16,"WELLS",,
322,"APP/NOI SENT TO AMA FOR REVIEW","WRKMW",1/18/2000 11:58:07,9/30/2014 12:24:16,"WELLS",,
325,"APP RCVD FOR A RECOVERY WELL PERMIT WITH NEW WELL(S) (74)","WRDGC",7/26/2017 7:23:52,7/26/2017 7:24:25,"WRDGC","2A-PERMTI INTAKE","Y"
350,"APP SENT TO WATER QUALITY FOR  REVIEW","WELLS",9/24/1997 8:56:52,9/30/2014 12:24:16,"WELLS",,
355,"APP SENT TO AMA FOR REVIEW","WELLS",9/24/1997 8:56:52,9/30/2014 12:24:16,"WELLS",,
360,"APP SENT TO LEGAL FOR REVIEW","WELLS",9/24/1997 8:56:52,9/30/2014 12:24:16,"WELLS","1B-NOI PROC","Y"
365,"APP SENT TO HYDROLOGY FOR REVIEW","WELLS",9/24/1997 8:56:52,9/30/2014 12:24:16,"WELLS",,
400,"HYDROLOGY APPLICATION REVIEW COMPLETE","WELLS",9/26/1997 13:57:32,9/30/2014 12:24:16,"WELLS",,
401,"HYDROLOGY REVIEW - APPLICATION DEFECTIVE","WRJMT",8/15/2000 11:05:27,9/30/2014 12:24:16,"WELLS",,
405,"WATER QUALITY APPLICATION/NOI REVIEW COMPLETE","WELLS",9/26/1997 13:57:32,9/30/2014 12:24:16,"WELLS",,
406,"WATER QUALITY REVIEW - APPLICATION DEFECTIVE","WRJMT",8/15/2000 11:05:57,9/30/2014 12:24:16,"WELLS",,
410,"AMA APPLICATION/NOI  REVIEW COMPLETE","WELLS",9/26/1997 13:57:32,9/30/2014 12:24:16,"WELLS",,
411,"AMA REVIEW - APPLICATION DEFECTIVE","WRJMT",8/15/2000 11:07:00,9/30/2014 12:24:16,"WELLS",,
415,"LEGAL APPLICATION REVIEW COMPLETE","WELLS",9/26/1997 13:57:32,9/30/2014 12:24:16,"WELLS","1B-NOI PROC","Y"
416,"LEGAL REVIEW - APPLICATION DEFECTIVE","WRJMT",8/15/2000 11:07:44,9/30/2014 12:24:16,"WELLS",,
420,"APP/NOI INCOMPLETE--SENDBACK","WRKMW",1/18/2000 11:59:35,9/30/2014 12:24:16,"WELLS",,
430,"APP/NOI RETURNED TO ADWR","WRKMW",1/18/2000 12:00:08,9/30/2014 12:24:16,"WELLS",,
450,"WELL IMPACT NOTIFICATION SENT","WELLS",9/26/1997 13:57:32,9/30/2014 12:24:16,"WELLS","2B-PERMIT PROC
","Y"
455,"APPLICATION DEFICIENCY LETTER SENT; RETURNED TO APPLICANT","WELLS",9/24/1997 8:56:52,9/30/2014 12:24:16,"WELLS","2B-PERMIT PROC
","Y"
500,"APPLICATION DENIED","WELLS",9/26/1997 13:57:32,9/30/2014 12:24:16,"WELLS","2C-PERMIT DISP
","Y"
505,"APPLICATION WITHDRAWN","WRKMW",3/10/1999 9:48:29,9/30/2014 12:24:16,"WELLS","2C-PERMIT DISP
","Y"
545,"AMENDED DRILLING AUTHORITY ISSUED","WRSZR",7/26/2004 16:56:13,9/30/2014 12:24:17,"WELLS","1C-NOI DISP","Y"
549,"VERBAL DRILLING AUTHORITY GRANTED","WRKMW",2/8/1999 16:17:30,9/30/2014 12:24:16,"WELLS","1C-NOI DISP","Y"
550,"DRILLING AUTHORITY ISSUED","WELLS",9/26/1997 13:57:32,9/30/2014 12:24:16,"WELLS","1C-NOI DISP","Y"
551,"WQARF/CERCLA - ATF - 454.01","WRKMW",11/24/1999 9:39:59,9/30/2014 12:24:16,"WELLS",,
552,"DRILL CARD HELD BY AMA PENDING SITE VERIFICATION","WRJMT",12/4/2003 11:56:57,9/30/2014 12:24:16,"WELLS",,
553,"APP/NOI APPROVED - AWAITING SELECTION OF DRILLER","WRJMT",4/1/2004 10:52:23,9/30/2014 12:24:16,"WELLS","2B-PERMIT PROC
","Y"
555,"DRILLER & OWNER PACKETS MAILED","WRSZR",12/2/2003 11:12:47,9/30/2014 12:24:16,"WELLS","1C-NOI DISP","Y"
560,"ABANDONMENT AUTHORITY ISSUED","WELLS",9/26/1997 13:57:32,9/30/2014 12:24:16,"WELLS","1C-NOI DISP","Y"
565,"ABANDONMENT PACKET PRINTED","WELLS",9/24/1997 8:56:52,9/30/2014 12:24:16,"WELLS",,
566,"DRILLER & OWNER ABANDONMENT PACKETS MAILED","WRLLC",3/13/2007 15:40:44,9/30/2014 12:24:17,"WELLS",,
568,"DRILL AND ABANDON AUTHORITY ISSUED","WRDGC",2/28/2012 10:10:02,9/30/2014 12:24:17,"WELLS","1C-NOI DISP","Y"
570,"AMENDED ABANDONMENT AUTHORITY ISSUED","WRLLC",8/3/2006 8:33:44,9/30/2014 12:24:17,"WELLS",,
600,"PERMIT ISSUED (S, T, 59, 74)","WELLS",9/26/1997 13:57:32,9/30/2014 12:24:16,"WELLS","2C-PERMIT DISP
","Y"
601,"PERMIT ISSUED - AWAITING SELECTION OF DRILLER (S, T, 59, 74)","WRJMT",4/1/2004 10:52:55,9/30/2014 12:24:16,"WELLS","2C-PERMIT DISP
","Y"
602,"PERMIT ISSUED (74)","WRDGC",10/1/2013 12:50:24,9/30/2014 12:16:39,"WELLS","2C-PERMIT DISP","Y"
605,"WELL AUTHORIZED FOR TRANSPORTATION OF WATER INTO AN AMA","WRLLC",6/21/2007 8:53:47,9/30/2014 12:24:17,"WELLS","2C-PERMIT DISP
","Y"
650,"NO LOG REQUIRED","WELLS",9/26/1997 13:57:32,9/30/2014 12:24:16,"WELLS",,
655,"NO COMPLETION REPORT REQUIRED","WELLS",9/26/1997 13:57:32,9/30/2014 12:24:16,"WELLS",,
700,"SITE VERIFIED AS ACCURATE","WELLS",9/26/1997 13:57:32,9/30/2014 12:24:16,"WELLS","9A-MISC PROC
","Y"
705,"SITE VERIFIED AS INACCURATE","WELLS",9/26/1997 13:57:32,9/30/2014 12:24:16,"WELLS","9A-MISC PROC
","Y"
750,"WELL DRILLER REPORT AND WELL LOG RECEIVED/ENTERED","WELLS",9/25/1997 11:49:14,9/1/2015 8:59:41,"WRDGC","3A-DRILL/OWN RPTS
","Y"
755,"WELL CONSTRUCTION COMPLETED","WELLS",9/24/1997 8:56:52,9/30/2014 12:24:16,"WELLS","3A-DRILL/OWN RPTS
","Y"
760,"INCOMPLETE OR INCORRECT DRILLER LOG RECEIVED/ENTERED","WELLS",9/26/1997 13:57:32,9/1/2015 8:59:50,"WRDGC","3A-DRILL/OWN RPTS
","Y"
775,"WQARF UPLOAD OF WELL INVENTORY DATA","WELLS",1/12/2005 5:19:09,9/30/2014 12:24:17,"WELLS","9A-MISC PROC
",
800,"PROJECT COMPLETION REPORT RECEIVED/ENTERED","WELLS",9/26/1997 13:57:32,9/1/2015 9:00:06,"WRDGC","3A-DRILL/OWN RPTS
","Y"
802,"WELL OWNER'S NOTIFICATION OF ABANDONMENT RECEIVED/ENTERED","WRLLC",1/18/2006 9:33:32,9/1/2015 9:00:33,"WRDGC","3B-ABND/CAPPING
","Y"
805,"PUMP INSTALLATION COMPLETION REPORT RECEIVED/ENTERED","WELLS",9/25/1997 11:50:48,9/1/2015 9:00:17,"WRDGC","3A-DRILL/OWN RPTS
","Y"
810,"INCOMPLETE OR INCORRECT PUMP COMPLETION REPORT RECEIVED/ENTERED","WELLS",9/26/1997 13:57:32,9/1/2015 9:00:24,"WRDGC","3A-DRILL/OWN RPTS
","Y"
812,"HYDROTEST PERMIT RESULTS RECEIVED","WRJMT",9/29/2004 10:30:33,9/30/2014 12:24:17,"WELLS","9A-MISC PROC
","Y"
813,"WITHDRAWAL PERMIT EXPIRED","WRJMT",8/21/2005 17:49:18,9/30/2014 12:24:17,"WELLS",,
815,"WELL ABANDONMENT COMPLETION REPORT RECEIVED/ENTERED","WELLS",9/26/1997 13:57:32,9/1/2015 9:00:40,"WRDGC","3B-ABND/CAPPING
","Y"
820,"NOTICE OF WELL CAPPING RECEIVED/ENTERED","WELLS",9/26/1997 13:57:32,9/1/2015 9:00:56,"WRDGC","3B-ABND/CAPPING
","Y"
850,"CHANGE OF WELL DATA (CONSTRUCTION, PUMP, ETC)","WELLS",9/26/1997 13:57:32,9/30/2014 12:24:16,"WELLS","4A-CHANGE FORMS
","Y"
851,"INCOMPLETE CHANGE OF WELL DATA","WRLMM",6/30/2010 11:42:56,9/30/2014 12:24:17,"WELLS",,
852,"INCOMPLETE CHANGE OF BOOK/MAP/PARCEL DATA","WRLMM",6/30/2010 12:45:02,9/30/2014 12:24:17,"WELLS",,
853,"INCOMPLETE CHANGE OF WELL LEGAL DESCRIPTION","WRLMM",6/30/2010 12:45:31,9/30/2014 12:24:17,"WELLS",,
854,"INCOMPLETE CHANGE OF OWNER INFORMATION","WRLMM",6/30/2010 12:46:04,9/30/2014 12:24:17,"WELLS",,
855,"CHANGE OF WELL LEGAL DESCRIPTION","WELLS",9/26/1997 13:57:32,9/30/2014 12:24:16,"WELLS","4A-CHANGE FORMS
","Y"
856,"CHANGE OF BOOK/MAP/PARCEL DATA","WELLS",1/12/2005 5:19:09,9/30/2014 12:24:17,"WELLS","4A-CHANGE FORMS
","Y"
857,"INCOMPLETE CHANGE OF WELL OWNERSHIP","WRLMM",6/30/2010 12:46:47,9/30/2014 12:24:17,"WELLS",,
858,"CHANGE OF OWNER INFORMATION (CHANGE OF ADDRESS)","WRLLC",1/18/2006 9:36:32,9/30/2014 12:24:17,"WELLS","4A-CHANGE FORMS
","Y"
859,"TESTING 123","WRJSM",6/30/2010 12:50:41,9/30/2014 12:24:17,"WELLS",,
860,"CHANGE OF WELL OWNERSHIP","WELLS",9/26/1997 13:57:32,10/13/2015 12:35:27,"WRREH","4A-CHANGE FORMS
","Y"
861,"CHANGE OF WELL OWNERSHIP - CONVEYANCE","WRKMW",10/23/1997 17:56:32,10/13/2015 12:36:35,"WRREH","4A-CHANGE FORMS
","Y"
865,"CHANGE OF DRILLER RECEIVED","WELLS",9/26/1997 13:57:32,9/30/2014 12:24:16,"WELLS","4A-CHANGE FORMS
","Y"
866,"APP/NOI SENT TO HYDRO/WATER QUALITY REVIEW","WRPML",6/30/1998 13:12:09,9/30/2014 12:24:16,"WELLS","2B-PERMIT PROC
","Y"
867,"APP/NOI HYDRO/WATER QUALITY REVIEW COMPLETE","WRPML",6/30/1998 13:14:01,9/30/2014 12:24:16,"WELLS","2B-PERMIT PROC
","Y"
868,"30 DAY NOI DENIAL LETTER SENT","WRPML",6/30/1998 13:40:21,9/2/2015 9:12:01,"WRDGC","1B-NOI PROC
","Y"
869,"CHANGE OF DRILLER PACKET ISSUED","WRKMW",7/9/1999 15:50:02,9/30/2014 12:24:16,"WELLS","4A-CHANGE FORMS
","Y"
870,"ABANDONED","WRPML",6/30/1998 13:40:36,9/30/2014 12:24:16,"WELLS","3B-ABND/CAPPING
","Y"
871,"NOI AUTHORIZATION DENIED","WRPML",8/10/1998 10:56:30,9/30/2014 12:24:16,"WELLS","1C-NOI DISP","Y"
872,"NOI SENT TO HYDROLOGY FOR REVIEW - CERCLA","WRPML",8/10/1998 10:57:07,9/30/2014 12:24:16,"WELLS",,
873,"HYDROLOGY CERCLA REVIEW COMPLETED","WRPML",8/10/1998 10:57:31,9/30/2014 12:24:16,"WELLS",,
874,"HYDRO/WQARF - TIME FRAME SUSPENDED","WRKMW",11/24/1999 10:41:16,9/30/2014 12:24:16,"WELLS",,
875,"WELL CAPPED","WRPML",8/18/1998 7:52:05,9/30/2014 12:24:16,"WELLS","3B-ABND/CAPPING
","Y"
876,"HYDRO/CERCLA - TIME FRAME SUSPENDED","WRKMW",11/24/1999 10:41:37,9/30/2014 12:24:16,"WELLS",,
877,"DRILLING AUTHORITY EXPIRED","WRJMT",3/6/2001 14:09:17,9/30/2014 12:24:16,"WELLS","5A-OTHER DISP
","Y"
878,"UPDATE LOCATION DATA FROM WQARF","WRREH",4/11/2002 10:21:45,9/30/2014 12:24:16,"WELLS",,
879,"HYDRO/WQARF - TIME FRAME RESTARTED","WRJMT",6/16/2003 11:12:25,9/30/2014 12:24:16,"WELLS",,
880,"CHANGE IN REMEDIAL ACTION SITE CODE","WRSZR",7/26/2004 11:07:50,9/30/2014 12:24:16,"WELLS","9A-MISC PROC
","Y"
881,"NOI REACTIVATED - REQUESTED INFORMATION RECEIVED","WRSZR",8/19/2004 14:23:19,9/30/2014 12:24:17,"WELLS",,
882,"GRIC CADASTRAL BOUNDARY","WELLS",7/18/2011 15:03:53,8/20/2015 10:34:24,"WRDGC","9A-MISC PROC
","Y"
900,"EXEMPTION SUPPLEMENTAL FORM RECEIVED","WELLS",1/3/2006 5:01:34,9/30/2014 12:24:17,"WELLS","1B-NOI PROC","Y"
901,"45-454(D)1 EXEMPTION ISSUED","WELLS",1/3/2006 5:01:34,9/30/2014 12:24:17,"WELLS",,
902,"45-454(D)2 EXEMPTION ISSUED","WELLS",1/3/2006 5:01:34,9/30/2014 12:24:17,"WELLS",,
903,"45-454(D)3 EXEMPTION ISSUED","WELLS",1/3/2006 5:01:34,9/30/2014 12:24:17,"WELLS",,
904,"45-454(D)4 EXEMPTION ISSUED","WELLS",1/3/2006 5:01:34,9/30/2014 12:24:17,"WELLS",,
905,"45-454(F)1 EXEMPTION ISSUED","WELLS",1/3/2006 5:01:34,9/30/2014 12:24:17,"WELLS",,
906,"45-454(F)2 EXEMPTION ISSUED","WELLS",1/3/2006 5:01:34,9/30/2014 12:24:17,"WELLS",,
907,"45-454(C) LAND NOT WITHIN 100 FT. OF DESIGNATED PROVIDER","WRLLC",1/11/2006 16:52:14,9/30/2014 12:24:17,"WELLS",,
910,"WITHDRAWN - NO EXEMPTION SELECTED","WRLLC",3/6/2009 11:30:19,9/30/2014 12:24:17,"WELLS",,
911,"LAND IS WITHIN 100 FT. OF DESIGNATED PROVIDER, NO EXEMPTION","WELLS",1/3/2006 5:01:34,9/30/2014 12:24:17,"WELLS",,
940,"NOI/APP SENT TO ADEQ AND/OR EPA FOR REVIEW","WRDGC",3/31/2015 9:29:21,,,"1B-NOI PROC","Y"
945,"REVIEW OF NOI/APP RECEIVED FROM ADEQ AND/OR EPA","WRDGC",3/31/2015 9:31:23,,,"1B-NOI PROC","Y"
950,"NOI SENT TO MUNICIPAL PROVDER FOR REVIEW OF EXEMPT WELL NOI","WRDGC",3/30/2015 9:02:37,3/30/2015 9:29:53,"WRREH","1B-NOI PROC","Y"
955,"EXEMPT WELL REVIEW FROM MUNICIPAL PROVIDER RECEIVED","WRDGC",3/30/2015 9:03:24,3/30/2015 9:30:00,"WRREH","1B-NOI PROC","Y"
