"LOGIN_ID","LAST_NAME","FIRST_NAME","E_SIGNATURE","SUPV_SIG_FLAG"
"*WR","Klaiber","Kimberly",,
"*WRWXJ","Jordan","Wade",,
"WELLS","Application Account","WELLS",,
"WRACL","Levy","Amy",,
"WRAGO","Overby","Andrew",,
"WRAGT","Tapia","Gloria",,
"WRAMF","Farmer","Annette",,"Y"
"WRAMG","Marquez-Guerrero","Ana",,
"WRAMM","Alene","McCracken",,
"WRAMS","Stewart","Ann",,
"WRAMZ","Malek","Abolfazl",,
"WRARB","Barcenas","Alejandro",,
"WRARD","Dulaney","Alan",,
"WRATS","Scott","Andrew",,
"WRAXA","Phillips","Ann",,
"WRAXF","Fisher","Andrew",,
"WRAXN","Nadri","Arash",,
"WRAYA","Athalye","Ajita",,
"WRBAH","Hammett","Bruce",,
"WRBAL","Lundquist","Bruce",,
"WRBDS","Shaner","Brett",,
"WRBEW","Wildey","Bruce",,"Y"
"WRBJM","Martinez","Betty",,
"WRBJS","Sims","Barbara",,
"WRBJW","Wood","Bobbie",,
"WRBLC","Chaney","Brad",,
"WRBLN","Norton","Barbara",,
"WRBTC","Cosson","Brian",,
"WRBXE","Eden","Becky",,
"WRCAB","Brown","Craig",,
"WRCAP","Pogue","Cindy",,
"WRCBB","Bickelmann","Christina",,
"WRCDB","BELL","CRAIG",,
"WRCDT","Thalmann","Cameron",,"Y"
"WRCEN","Norton","Carol",,
"WRCES","Shimokusu","Cindy",,
"WRCLC","Cahoy","Charles",,
"WRCLF","Frost","Crystal",,
"WRCLM","Mocarski","Cassandra",,
"WRCMF","Faulk","Christa",,
"WRCPL","Lasky","Creola",,
"WRCSH","Harris","Chris",,
"WRCVR","Renteria","Carlos",,
"WRCXJ","Jaramillo","Clarissa",,"Y"
"WRDAC","Cherry","Dan",,
"WRDAK","Keadle","David",,
"WRDAM","Mason","Dale",,
"WRDAT","Tewa","Dollie",,
"WRDCB","Bottger","Donald",,
"WRDEC","Creighton","Dave",,
"WRDEL","Lynas","Dianne",,
"WRDGC","Christiana","David",,
"WRDGC_NOI","Christiana","David",,
"WRDGK","Kimberlin","Dennis",,
"WRDJG","Gross","Don",,
"WRDKI","Ikeya","Deanna",,
"WRDKS","Tak","Denae",,"N"
"WRDLT","Tompkins","David",,
"WRDLW","Wieland","Denise",,
"WRDMB","Boggs","Dorothy",,
"WRDMG","Gambrel","Dena",,
"WRDMH","Hanna","Diane",,
"WRDMJ","Jaranowski","Dawn",,
"WRDMS","Swieczkowski","Drew",,
"WRDRL","Lawrence","Dan",,
"WRDRM","Carter","Debbie",,
"WRDSC","Cummings","Dorothy",,
"WRDSH","Holden","Daniel",,
"WRDTS","Sumpter-King","Darlene",,
"WRDWD","Dunham","Doug",,
"WRDWJ","Johnson","David",,
"WRDWS","Sundie","Dennis",,
"WRDXD","DeLa Rosa","Deanna",,
"WRDXW","Williams","Dianna",,
"WRDYH","Haywood","Danita",,"N"
"WREAC","Choukalas","Elizabeth",,
"WREAF","Franzen","Ellen",,
"WRECS","Stephan","E. Carlane",,
"WREFC","Corkhill","Edwin",,
"WREFH","Howell","Eugenia",,
"WRELF","Figueroa","Eva",,
"WREVL","Logan","Elizabeth",,
"WREXJ","Johnson","Elaine",,
"WRFDT","Tomkiewicz","Franus",,
"WRFGP","Putman","Frank",,
"WRFJS","Secondo","Frank",,
"WRFTM","Metzler","Frank",,
"WRGAH","Houtz","Gregg",,
"WRGBS","Short","Gregory",,
"WRGCW","Wahl","Gordon",,
"WRGDC","Cox","Jerry",,
"WRGDP","Patterson","Gerald",,
"WRGEM","Moss","Gloria",,
"WRGLE","Erwin","Gretchen",,
"WRGLW","Wallace","Greg",,
"WRGWC","CLENDENEN","GARY",,
"WRGXS","Silvani","Gerard",,
"WRGXW","Wildeman","Gerry",,
"WRHAB","Billings","Howard",,
"WRHDG","Galusha","Duncan",,
"WRHFS","Stapleton","Howard",,
"WRHFS1","Stapleton","Howard",,
"WRHJD","Dishlip","Herb",,
"WRHKM","McNeely","Kay",,
"WRHRK","Kopp","Howard",,
"WRILG","Gutierrez","Irmalisa",,
"WRJAK","Kurtz","John ""Andy""",,
"WRJBS","Stuart","Joe",,
"WRJCE","Esher","Joseph",,
"WRJCF","Ferris","Justin",,
"WRJCH","Harris","Jayme",,
"WRJCR","Richardson","Jalyn",,
"WRJCS","Smith","Joseph",,
"WRJCW","Whitmer","Jace",,"Y"
"WRJDJ","Jordan","Darrell",,
"WRJES","Swanson","James",,
"WRJFS","Strawn","Joanne",,
"WRJGL","Linkswiler","John",,
"WRJHH","Holt","James",,
"WRJJK","Kinney","Jeffrey",,
"WRJJN","Naff","Joe",,
"WRJKK","Keene","Joanne",,
"WRJKN","Nolan","Jackie",,
"WRJLD","Duel","John",,
"WRJLF","Fortune","John",,
"WRJLJ","Johnson","James",,
"WRJLR","Ronald","Janet",,
"WRJMB","Bodenchuk","John",,
"WRJMH","Holway","James",,
"WRJMP","Palermo","Jaclyn",,"N"
"WRJMT","Tannler","Jeffrey",,
"WRJOH","Heimer","Jeff",,
"WRJRG","Grana","Joseph",,
"WRJRN","Nelson","Jake",,
"WRJSC","Culp","John",,
"WRJSH","Hetrick","John",,
"WRJSM","Miller","J. Scott",,
"WRJSP","Plastow","James",,
"WRJWP","Palaski","Joey",,
"WRJWS","Sicard","James",,
"WRJXH","Hernandez","Julie",,
"WRJXM","McCormack","John ""Jack""",,
"WRJXP","Porter","Jean",,
"WRJXR","Rathke","Gerald",,
"WRJXS","Singleton","Joe",,
"WRJXT","Aguilar","Jeannie",,"Y"
"WRJYM","Mawarura","John",,
"WRJYS","Schneeman","John F.",,
"WRJZB","Benoist","Jon",,
"WRJZR","Snyder","Joseph",,
"WRKAD","Donoghue","Kathleen",,
"WRKAM","Martini","Karen",,
"WRKBH","Hutchinson","Kade",,
"WRKBK","Kneadler","Kelly",,
"WRKCS","Slowinski","Kenneth",,
"WRKDR","Knight","Kathy",,
"WRKEM","Mott-Lacroix","Kelly",,
"WRKFS","Scott","Kevin",,
"WRKGP","Post","Kenneth",,
"WRKJC","Crego","Kevin",,"Y"
"WRKJM","Meyer","Kristin",,
"WRKKL","Lawrence","Kenneth",,
"WRKLJ","Jacobs","Kathy",,
"WRKMH","Hussain","Ken",,
"WRKMN","Nelson","Keith",,
"WRKMW","Willman","Kathy",,
"WRKRB","Black","Ken",,
"WRKRM","Mitchell","Kim",,
"WRKSM","Modesto","Karen",,
"WRLAD","Dommisse","Liesl A.",,
"WRLAG","Grignano","Laura",,
"WRLAJ","Jackson","Lisa",,
"WRLAO","Oakman","Linda",,
"WRLAR  G","Ramsey","Al",,
"WRLAT","Tearman","Larri",,
"WRLCW","Winder","Lee",,
"WRLDL","Li","Lihua",,
"WRLFU","Unangst","Leslie",,
"WRLHO","Overholts","Lova",,
"WRLJL","Lambert","Lee",,
"WRLKB","Barrkman","Lisa",,
"WRLKL","Lambert","Larry",,
"WRLLC","Cason","Lori",,"Y"
"WRLLM","Muhammad","Laura",,
"WRLMB","Benedetto","Lisa",,
"WRLMJ","Jannusch","Lisa",,
"WRLMM","Williams","Lisa",,
"WRLOU","Hutchinson","Louise",,
"WRLSS","Stitzer","Linda",,
"WRLXB","Botta","Lou",,
"WRLXC","Chavez","Laura",,
"WRLXR","Rodriguez","Lupe",,
"WRLXV","Brinker","Linda",,
"WRMAB","Beversdorf","Matthew",,
"WRMAG","Genandt","Monica",,
"WRMAH","Holmes","Mark",,
"WRMAM","Moreno","Michelle",,
"WRMAN","Nunley","Margaret",,
"WRMAT","Tatlow","Maurice",,
"WRMAW","Williams","Mark",,
"WRMCP","Phillips","Monica",,"N"
"WRMDC","Caporaso","Michael",,
"WRMDG","Greenslade","Michael",,
"WRMEH","Horn","Marie",,
"WRMEW","Woodward","Marion",,
"WRMIB","Ball","Michael",,
"WRMJP","Pearce","Michael",,
"WRMKP","Perez","Mark",,
"WRMLD","DeLeon","Mary Lou",,
"WRMLR","Risk","Marjorie",,
"WRMLW","Winterland","Mark",,
"WRMMB","Bush","Martha",,
"WRMML","Lewis","Marty",,
"WRMMM","Massaro","Mary",,
"WRMRB","Bolitho","Mason",,
"WRMRF","Frank","Mark",,
"WRMRO","Ortiz","Monica",,"Y"
"WRMSG","Gutierrez","Miroslav",,
"WRMTM","Miller","Terri",,
"WRMTW","Winn","Michael",,
"WRMWH","Watson-Harvey","Marge",,
"WRMXG","Goy","Monika",,
"WRMXP","Potucek","Mark",,
"WRMXS","Sydnor","Marcus",,
"WRNJC","Coupaud","Norma",,
"WRNRC","Conner","Natasha",,
"WRNTP","Power","Nolan",,"Y"
"WRNXF","Flores","Nannette",,
"WRNXS","Spence","Nicole",,
"WRPAB","Brown","Patricia",,
"WRPAC","Curtis","Patty",,"N"
"WRPAJ","Jahnke","Philip",,
"WRPCW","Whitmore","Phil",,
"WRPFB","Benemelis","Perri",,
"WRPGM","McCraw","Patricia",,
"WRPJA","Andrews","Phyllis",,
"WRPLF","Foster","Phil",,"Y"
"WRPML","Lomay","Patti",,
"WRPMN","Nagel","Pamela",,
"WRPMR","Lomay","Patricia",,
"WRPO3","Oram","Paul",,
"WRPWC","Charman","Paul",,
"WRRAC","Chavez","Robert",,
"WRRAD","Dedman","Rita",,
"WRRAK","Kendrick","Rebecca",,
"WRRAV","Valencia","Ruth",,
"WRRAW","Wiley","Randy",,
"WRRBC","Carrigan","Rosemary",,
"WRRBO","Obenshain","Richard",,
"WRRCH","Herther","Richard",,
"WRRCO","O'Haver","Rachel",,
"WRRDE","Elson","Randy",,
"WRRDR","Russell","Ronald",,
"WRREH","Holcomb","Ron",,"Y"
"WRRGY","Young","Ronald",,
"WRRHG","Gilbreath","Hal",,
"WRRJL","Lasky","Rodney",,
"WRRLB","Barnes","Reg",,
"WRRLE","Edmond","Randy",,
"WRRLL","Linden","Rachel",,
"WRRMN","Nokes","Rose Mae",,
"WRRMY","Yaw","Rose",,
"WRRNL","Lopez","Rosemary",,
"WRRPP","Pearson","Rita",,
"WRRQS","Smith","Robert",,
"WRRRG","Gray","Ron",,
"WRRWT","Thomas","Ron",,
"WRRXG","Greenhouse","Ruth",,
"WRSAB","Britton","Sarah",,
"WRSAD","Dynes","Shirley",,
"WRSAF","Fabritz-Whitney","Sandra",,
"WRSAJ","Jaeger","Sandra",,
"WRSAM","Murillo","Stella",,
"WRSAP","Poe","Seandale",,
"WRSAS","Schendel","Shai",,
"WRSCS","Smith","Susan",,
"WRSEM","Miller","Susan",,
"WRSES","Sisler","Susan",,
"WRSFE","Escobedo","Simon",,
"WRSJW","Wedwick","Steve",,
"WRSKE","Ehlers","Sheila Kay",,
"WRSKG","Garrett","S. Kay",,
"WRSLE","Eichberg","Siegfried",,
"WRSLO","Olson","Steven",,
"WRSLR","Rossi","Steve",,
"WRSLY","York","Sharon",,
"WRSMC","Craig","Susan",,
"WRSMR","Murillo-Ramirez","Stella",,
"WRSNV","Valdez","Sylvia",,
"WRSRA","Abernathy","Steven",,
"WRSSM","Morris","Sharon",,
"WRSXE","Eden","Susanna",,
"WRSXG","Gishie","Stella",,
"WRSXR","Rascona","Steven",,
"WRSXW","Ward","Sharon",,"Y"
"WRSYM","Montoya","Susan",,
"WRSYR","Reeder","Syndia",,
"WRSZR","Reif","Shannon",,"Y"
"WRTAR","Russ","Tamara",,
"WRTGC","Carr","Thomas",,
"WRTGW","Whitmer","Thomas G.",,
"WRTJC","Casey","Timothy",,
"WRTJH","Henley","Tim",,
"WRTJZ","Zachreson","Tana",,
"WRTKE","Elder","Thomas",,
"WRTLC","Carpenter","Tracey",,
"WRTLS","Shepherd","Terri",,
"WRTMB","Bergeman","Toni",,
"WRTNH","Hancock","Tiffany",,"Y"
"WRTNT","Hancock","Tiffany",,"N"
"WRTRW","Wilmoth","Thomas",,
"WRTSS","Summers","Thomas",,
"WRTTG","Gibson","Tim",,
"WRTWS","Sprouse","Terry",,
"WRTXV","Valdez","Torren",,"Y"
"WRTZM","Miranda","Tina",,
"WRVCW","Welford","Virginia",,
"WRVLE","Elliott","Vivian",,
"WRVRR","Reyes","Vanessa",,
"WRWAT","Thurber","Walter",,
"WRWCJ","Jenkins","Bill",,
"WRWDM","Musielak","William",,
"WRWEH","Hipke","Wesley",,
"WRWHR","Remick","Bill",,
"WRWPS","Schiffer","Patrick",,
"WRWRC","Cooley","Wayne",,
"WRXSZ","Zhou","X. Sylvia",,
"WRZ00","Training Account"," ",,
"WRZ01","Training Account"," ",,
"WRZ02","Training Account"," ",,
"WRZ03","Training Account"," ",,
"WRZ04","Training Account"," ",,
"WRZ05","Training Account"," ",,
"WRZ06","Training Account"," ",,
"WRZ07","Training Account"," ",,
"WRZ08","Training Account"," ",,
"WRZ09","Training Account"," ",,
"WRZ10","Training Account"," ",,
"WRZ11","Training Account"," ",,
"WRZ12","Training Account"," ",,
