"CODE","DESCR","CATEGORY","CREATEBY","CREATEDT","UPDATEDT","UPDATEBY","LONGDESCR"
"00","None","A",,,5/8/2006 9:49:23,"WRGWC","None."
"D1","Written service request submitted, provider verification not received.","E",,,,,"Landowner submitted a written request for the service to the municipal provider that operates the distribution system and the municipal provider did not provide written verification to the landowner within thirty calendar days after receipt of the request that water service is available to the landowner after payment of any applicable fee to the municipal provider."
"D2","Connection costs and fees exceed cost of drilling and equipping an exempt well.","E",,,,,"Total capital cost and fees for connecting to the operating water distribution system exceed the total capital cost and fees for drilling and fully equipping and exempt well."
"D3","Easement request to another landowner has no response or was denied.","E",,,,,"If the applicant must obtain an easement across other land to connect to the water distributionsystem of the municipal provider, the applicant sent the owner of the land a request for the easement by certified mail, return receipt requested, and either the applicant did not receive a response to the request within thirty calendar days of mailing the request or the request was denied."
"D4","Not D1, D2, or D3 and provider prohibits connection while operational.","E",,,,,"Landowner does not qualify for the exemption D1, D2, or D3 and the landowner provides written verification from the municipal provider that the landowner shall nor receive or request water service from the municipal while the exempt is operational. The exemption for that well us revoked if the landowner or any subsequent landowner receives water service from the minicipal provider."
"F1","Approved ADEQ or US EPA Remediation Program remediation well.","R",,,5/8/2006 9:49:23,"WRGWC","Remediation well is for an approved Department of Environmental Quality of United States Environmental Protection Agency Remediation Program."
"F2","Remediation well certified by registered geologist.","R",,,5/8/2006 9:49:23,"WRGWC","A registered geologist has certified that the well is for the purpose of remediation."
