"CODE_TABLE","TABLE_DESCR","CREATEBY","CREATEDT","UPDATEDT","UPDATEBY"
"CD_AMAINA","Amaina Codes","WELLS",9/12/1996 15:16:20,9/30/1997 11:46:34,"WELLS"
"CD_CASING","Casing Codes","WELLS",9/12/1996 15:16:20,9/30/1997 11:46:34,"WELLS"
"CD_CONTAMINATION_PROGRAM","Contamination Program Codes","WELLS",8/24/2004 14:17:35,8/24/2004 14:20:38,"WELLS"
"CD_COUNTY","County Codes","WELLS",9/12/1996 15:16:20,9/30/1997 11:46:34,"WELLS"
"CD_DEQ_WATER_USE","DEQ Water Use","WELLS",1/12/2005 5:19:08,,
"CD_DEQ_WELL_STATUS","DEQ Well Status","WELLS",1/12/2005 5:19:09,,
"CD_DEQ_WELL_TYPE","DEQ Well Type","WELLS",1/12/2005 5:19:09,,
"CD_FILE_TYPE","File Type Codes","WELLS",9/12/1996 15:16:20,9/30/1997 11:46:34,"WELLS"
"CD_LAT_LONG_ELEV_SOURCE","Lat Long/Elevation Source Codes","WELLS",1/12/2005 5:19:09,,
"CD_LAYER_MATERIAL","Layer Material Codes","WELLS",9/12/1996 15:16:20,9/30/1997 11:46:34,"WELLS"
"CD_LUST","WQARF Lust Site Codes","WELLS",1/12/2005 5:19:09,,
"CD_NAME_TYPES","Name Types Codes","WELLS",9/12/1996 15:16:20,9/30/1997 11:46:34,"WELLS"
"CD_PERMIT","Permit Codes","WELLS",9/12/1996 15:16:20,9/30/1997 11:46:34,"WELLS"
"CD_POWER","Power Codes","WELLS",9/12/1996 15:16:20,9/30/1997 11:46:34,"WELLS"
"CD_PUMP","Pump Codes","WELLS",9/12/1996 15:16:20,9/30/1997 11:46:34,"WELLS"
"CD_SITE_TYPES","Site Type Codes","WELLS",1/12/2005 5:19:09,,
"CD_SITE_USE","Site Use Codes","WELLS",9/12/1996 15:16:20,9/30/1997 11:46:34,"WELLS"
"CD_VOL_HIST_METHOD","Volume History Verification Method","WELLS",8/24/2004 14:17:35,8/24/2004 14:20:38,"WELLS"
"CD_WATERSHED","Watershed Codes","WELLS",9/12/1996 15:16:20,9/30/1997 11:46:34,"WELLS"
"CD_WATER_USE","Water Use Codes","WELLS",9/12/1996 15:16:20,9/30/1997 11:46:34,"WELLS"
"CD_WELL_STATUS","WQARF Well Status","WELLS",1/12/2005 5:19:09,,
"CD_WELL_TYPES","Well Types Codes","WELLS",9/12/1996 15:16:20,9/30/1997 11:46:34,"WELLS"
"CD_WQARF","WQARF Site Codes","WELLS",1/12/2005 5:19:09,,
"CD_YIELD","Discharge Method","WELLS",9/12/1996 15:16:20,10/17/1997 8:55:12,"WELLS"
