"CODE","DESCR","CREATEBY","CREATEDT","UPDATEDT","UPDATEBY"
0,"UNKNOWN MATERIAL","WELLS",9/24/1997 9:17:17,12/4/1998 12:37:48,"WRKMW"
1,"CONGLOMERATE","WRKMW",12/4/1998 12:21:30,,
2,"CONGLOMERATE  WITH CLAY STREAKS","WRKMW",12/4/1998 12:21:54,12/4/1998 12:38:01,"WRKMW"
4,"VALLEY FILL","WRKMW",12/4/1998 12:23:29,,
5,"CONGLOMERATE AND CLAY","WRKMW",12/4/1998 12:23:57,,
6,"BASALT ","WRKMW",12/4/1998 12:24:14,12/4/1998 12:31:45,"WRKMW"
8,"CEMENTED GRAVEL","WRKMW",12/4/1998 12:24:39,,
9,"CEMENTED BOULDERS","WRKMW",12/4/1998 12:24:56,,
10,"SOIL","WRKMW",12/4/1998 12:18:26,,
11,"CLAY","WRKMW",12/4/1998 12:25:10,12/4/1998 12:31:59,"WRKMW"
12,"MALAPAI","WRKMW",12/4/1998 12:25:26,12/4/1998 12:32:17,"WRKMW"
13,"SURFACE SOIL","WRKMW",12/4/1998 12:25:38,,
14,"MALAPAI SAND","WRKMW",12/4/1998 12:25:57,,
15,"MALAPAI ROCK","WRKMW",12/4/1998 12:26:10,,
16,"VOLCANIC ASH","WRKMW",12/4/1998 12:26:24,,
17,"ROCKS","WRKMW",12/4/1998 12:26:35,,
18,"CLAY AND GRAVEL","WRKMW",12/4/1998 12:26:59,,
19,"SAND","WRKMW",12/4/1998 12:27:14,,
21,"COARSE SAND","WRKMW",12/4/1998 12:39:16,,
22,"FINE SAND","WRKMW",12/4/1998 12:39:26,,
23,"TOP SOIL","WRKMW",12/8/1998 14:11:43,,
24,"STICKY CLAY","WRKMW",12/4/1998 12:40:03,,
25,"GRAVEL","WRKMW",12/9/1998 10:04:43,,
26,"SANDY SOIL","WRKMW",12/9/1998 10:21:17,,
27,"LAVA ROCK","WRKMW",12/9/1998 10:23:59,,
28,"CINDERS","WRKMW",12/9/1998 10:36:20,,
29,"SHALE","WRKMW",12/9/1998 10:39:07,,
30,"SAND AND GRAVEL","WRKMW",12/4/1998 12:19:12,,
31,"DECOMPOSED GRANITE","WRKMW",12/9/1998 10:48:00,,
32,"CREVICES","WRKMW",12/9/1998 10:49:16,,
33,"SANDY CLAY","WRKMW",12/16/1998 9:17:08,,
34,"ALLUVIAL MATERIAL","WRKMW",6/25/1999 16:23:45,,
35,"ALLUVIAL MATERIAL WITH CLAY","WRKMW",6/25/1999 16:24:04,,
36,"CLAY AND SAND","WRKMW",6/25/1999 16:25:03,,
40,"LIME FORMATION","WRKMW",12/4/1998 12:19:23,,
50,"LIME AND HARDPAN FORMATION","WRKMW",12/4/1998 12:19:42,,
60,"COARSE SAND","WRKMW",12/4/1998 12:19:55,,
70,"HARDPAN","WRKMW",12/4/1998 12:20:06,,
71,"CALICHE","WRKMW",12/4/1998 12:20:16,,
