"CODE","DESCR","CREATEBY","CREATEDT","UPDATEDT","UPDATEBY"
"A","100% duty cycle from orig well regist pump capacity","WRREH",8/23/2004 11:02:00,,
"B","100% duty cycle from gpm listed on well permit","WRREH",8/23/2004 11:02:00,,
"C","50% duty cycle from orig well regist pump capacity","WRREH",8/23/2004 11:02:00,,
"D","Historic pumpage reported on annual report","WRREH",8/23/2004 11:02:00,,
"E","Historic pumpage supplied by applicant","WRREH",8/23/2004 11:02:00,,
"F","AF volume listed on well permit ","WRREH",8/23/2004 11:02:00,,
