"CODE","DESCR","CREATEBY","CREATEDT","UPDATEDT","UPDATEBY"
"A","NON-EXEMPT - RECOVERY","WELLS",9/24/1997 10:02:36,10/31/1997 16:30:49,"WRKMW"
"AS","ENV - SPARGING (AIR, OZONE, AS/SVE)","WRREH",11/6/2003 8:55:09,,
"B","ENV - INJECTION","WRKMW",2/20/1998 15:56:08,,
"C","SPCL - CATHODIC PROTECTION","WELLS",9/24/1997 10:02:36,9/30/1997 12:47:51,"WELLS"
"D","EXEMPT - DOMESTIC STOCK ","WELLS",9/24/1997 10:02:36,9/30/1997 12:47:51,"WELLS"
"E","EXEMPT","WELLS",9/24/1997 10:02:36,9/30/1997 12:47:51,"WELLS"
"F","NON-EXEMPT - SUMP PUMP, TRENCH OR SAND POINTS","WRKMW",2/10/1999 11:08:20,2/10/1999 11:09:05,"WRKMW"
"G","SPCL - GEOTECHNICAL","WELLS",9/24/1997 10:02:36,9/30/1997 12:47:51,"WELLS"
"H","SPCL - GEOTHERMAL HEAT PUMP","WELLS",9/24/1997 10:02:36,9/30/1997 12:47:51,"WELLS"
"MI","SPCL - MINERAL EXPLORATION","WELLS",9/24/1997 10:02:36,9/30/1997 12:47:51,"WELLS"
"MN","ENV - MONITOR","WELLS",9/24/1997 10:02:36,9/30/1997 12:47:51,"WELLS"
"N","NON-EXEMPT","WELLS",9/24/1997 10:02:36,9/30/1997 12:47:51,"WELLS"
"O","EXEMPT - NON-DOMESTIC","WELLS",9/24/1997 10:02:36,9/30/1997 12:47:51,"WELLS"
"OT","SPCL - OTHER","WRREH",11/6/2003 8:55:26,,
"P","NON-EXEMPT - WITHDRAWAL PERMIT","WELLS",9/24/1997 10:02:36,9/30/1997 12:47:51,"WELLS"
"PZ","ENV - PIEZOMETER","WELLS",9/24/1997 10:02:36,9/30/1997 12:47:51,"WELLS"
"Q","NON-EXEMPT - REPLACEMENT WELL IN NEW LOCATION","WELLS",9/24/1997 10:02:36,9/30/1997 12:47:51,"WELLS"
"R","SPCL - GROUNDING","WELLS",9/24/1997 10:02:36,9/30/1997 12:47:51,"WELLS"
"S","NON-EXEMPT - SERVICE","WELLS",9/24/1997 10:02:36,9/30/1997 12:47:51,"WELLS"
"SR","NON- EXEMPT - AQUIFER STORAGE & RECOVERY (ASR)","WRDGC",3/3/2015 6:54:24,3/3/2015 6:54:44,"WRDGC"
"SV","ENV - SOIL VAPOR EXTRACTION / MONITORING","WRREH",11/6/2003 8:55:45,6/29/2015 9:18:38,"WRDGC"
"T","NON-EXEMPT - NON-SERVICE","WELLS",9/24/1997 10:02:36,9/30/1997 12:47:51,"WELLS"
"VR","SPCL - VADOSE ZONE FOR RECHARGE","WRPML",9/15/1998 10:52:00,,
"VZ","ENV - VADOSE ZONE","WRPML",9/15/1998 10:51:38,,
"X","ENV - MONITOR OR PIEZOMETER","WELLS",9/24/1997 10:02:36,9/30/1997 12:47:51,"WELLS"
"Z","SPCL - EXPLORATION","WELLS",9/24/1997 10:02:36,9/30/1997 12:47:51,"WELLS"
