"CODE","DESCR","CREATEBY","CREATEDT","UPDATEDT","UPDATEBY"
"0","AGRICULTURE","WELLS",1/12/2005 5:19:08,,
"1","WILDLIFE","WELLS",1/12/2005 5:19:08,,
"2","RECHARGE","WELLS",1/12/2005 5:19:08,,
"4","SUBDIVISION","WELLS",1/12/2005 5:19:08,,
"5","MUNICIPAL","WELLS",1/12/2005 5:19:08,,
"6","UTILITY WATER COMPANY","WELLS",1/12/2005 5:19:08,,
"7","TEST","WELLS",1/12/2005 5:19:08,,
"8","ABANDONED PRODUCTION WELL","WELLS",1/12/2005 5:19:08,,
"9","NON-OPERATIVE PRODUCTION WELL","WELLS",1/12/2005 5:19:08,,
"A","AIR CONDITIONING","WELLS",1/12/2005 5:19:08,,
"B","BOTTLING","WELLS",1/12/2005 5:19:08,,
"C","COMMERCIAL","WELLS",1/12/2005 5:19:08,,
"D","DEWATER","WELLS",1/12/2005 5:19:08,,
"E","POWER","WELLS",1/12/2005 5:19:08,,
"F","FIRE","WELLS",1/12/2005 5:19:08,,
"G","SIMI PUBLIC WATER SUPPLY","WELLS",1/12/2005 5:19:08,,
"H","DOMESTIC","WELLS",1/12/2005 5:19:08,,
"I","IRRIGATION","WELLS",1/12/2005 5:19:08,,
"J","INDUSTRIAL (COOLING)","WELLS",1/12/2005 5:19:08,,
"K","MINING","WELLS",1/12/2005 5:19:08,,
"L","REINJECTED/RECHARGE","WELLS",1/12/2005 5:19:08,,
"M","MONITORING","WELLS",1/12/2005 5:19:08,,
"N","INDUSTRIAL (SUPPLY)","WELLS",1/12/2005 5:19:08,,
"O","MEDICINAL","WELLS",1/12/2005 5:19:08,,
"P","PUBLIC SUPPLY","WELLS",1/12/2005 5:19:08,,
"R","RECREATION","WELLS",1/12/2005 5:19:08,,
"S","STOCK","WELLS",1/12/2005 5:19:08,,
"T","INSTITUTIONAL","WELLS",1/12/2005 5:19:08,,
"U","UNUSED","WELLS",1/12/2005 5:19:08,,
"V","UNKNOWN","WELLS",1/12/2005 5:19:08,,
"W","END USE: DUST CONTROL","WELLS",1/12/2005 5:19:08,,
"X","DRAINAGE","WELLS",1/12/2005 5:19:08,,
"Y","DESALINATION","WELLS",1/12/2005 5:19:08,,
"Z","OTHER","WELLS",1/12/2005 5:19:08,,
