"CODE","DESCR","CREATEBY","CREATEDT","UPDATEDT","UPDATEBY"
"3","LOST WELL THAT COULD NOT BE LOCATED","WELLS",1/12/2005 5:19:08,,
"4","EXTERNAL CONDITION PRECLUDED WATER LEVEL MEASUREMENT","WELLS",1/12/2005 5:19:08,,
"A","WELL WAS ABANDONED","WELLS",1/12/2005 5:19:08,,
"B","WELL WAS BORED OUT FORMING A NEW WELL","WELLS",1/12/2005 5:19:08,,
"C","WELL WAS CAPPED","WELLS",1/12/2005 5:19:08,,
"D","SITE WAS DRY (NO WATER LEVEL IS RECORDED).","WELLS",1/12/2005 5:19:08,,
"E","SITE WAS FLOWING RECENTLY","WELLS",1/12/2005 5:19:08,,
"F","SITE WAS FLOWING, BUT THE HEAD COULD NOT BE MEASURED","WELLS",1/12/2005 5:19:08,,
"G","NEARBY SITE THAT TAPS THE SAME AQUIFER WAS FLOWING","WELLS",1/12/2005 5:19:08,,
"H","NEARBY SITE TAPPING SAME AQUIFER HAD BEEN FLOWING RECENTLY","WELLS",1/12/2005 5:19:08,,
"I","INJECTOR SITE (RECHARGES WATER BEING INJECTED INTO AQUIFER)","WELLS",1/12/2005 5:19:08,,
"J","INJECTOR SITE MONITOR, NEARBY SITE TAPPING AQUIFER INJECTING","WELLS",1/12/2005 5:19:08,,
"N","THE MEASUREMENT WAS DISCONTINUED","WELLS",1/12/2005 5:19:08,,
"O","OBSTRUCTION WAS ENCOUNTERED IN WELL ABOVE WATER SURFACE","WELLS",1/12/2005 5:19:08,,
"P","SITE WAS BEING PUMPED","WELLS",1/12/2005 5:19:08,,
"R","SITE HAD BEEN PUMPED RECENTLY","WELLS",1/12/2005 5:19:08,,
"S","NEARBY SITE THAT TAPS THE SAME AQUIFER WAS BEING PUMPED","WELLS",1/12/2005 5:19:08,,
"T","NEARBY SITE TAPPING THE SAME AQUIFER WAS PUMPED RECENTLY","WELLS",1/12/2005 5:19:08,,
"V","FOREIGN SUBSTANCE WAS PRESENT ON THE SURFACE OF THE WATER","WELLS",1/12/2005 5:19:08,,
"W","WELL WAS DESTROYED","WELLS",1/12/2005 5:19:08,,
"X","WATER LEVEL AFFECTED BY STAGE IN NEARBY SURFACE WATER SITE","WELLS",1/12/2005 5:19:08,,
"Z","OTHER CONDITIONS THAT WOULD AFFECT THE MEASURED WATER LEVEL","WELLS",1/12/2005 5:19:08,,
