"CODE","DESCR","CREATEBY","CREATEDT","UPDATEDT","UPDATEBY"
"0","NEW WELLS (INTENTS OR APPLICATIONS)","WELLS",9/24/1997 9:14:12,9/30/1997 11:46:36,"WELLS"
"A","ABANDONMENTS","WRKMW",4/7/1998 11:13:58,,
"L","LATE REGISTRATION","WELLS",9/24/1997 9:14:12,9/30/1997 11:46:36,"WELLS"
"M","AFTER THE FACT FILING OF NOTICE","WELLS",9/24/1997 9:14:12,9/30/1997 11:46:36,"WELLS"
"R","REGISTERED WELL","WELLS",9/24/1997 9:14:12,9/30/1997 11:46:36,"WELLS"
"Z","ADMINISTRATIVE LATE REGISTRATION (INTERNAL TO ADWR)","WRTDD",3/22/2012 10:40:44,,
