"CODE","DESCR","CREATEBY","CREATEDT","UPDATEDT","UPDATEBY"
"A","WELL POINT (TEMPORARY, ABANDONED)","WELLS",1/12/2005 5:19:08,,
"B","AMBIENT MONITOR","WELLS",1/12/2005 5:19:08,,
"C","COLLECTOR/RANNEY","WELLS",1/12/2005 5:19:08,,
"D","DRAIN","WELLS",1/12/2005 5:19:08,,
"E","EXCAVATION","WELLS",1/12/2005 5:19:08,,
"F","SEISMIC","WELLS",1/12/2005 5:19:08,,
"G","OIL OR GAS WELL","WELLS",1/12/2005 5:19:08,,
"H","SINKHOLE","WELLS",1/12/2005 5:19:08,,
"I","INTERCONNECTED WELL","WELLS",1/12/2005 5:19:08,,
"J","OBSERVATION/MONITOR","WELLS",1/12/2005 5:19:08,,
"K","ARTESIAN","WELLS",1/12/2005 5:19:08,,
"L","DRYWELL","WELLS",1/12/2005 5:19:08,,
"M","MULTIPLE WELLS","WELLS",1/12/2005 5:19:08,,
"N","ANODE","WELLS",1/12/2005 5:19:08,,
"O","OUTCROP","WELLS",1/12/2005 5:19:08,,
"P","POND","WELLS",1/12/2005 5:19:08,,
"Q","REMEDIAL: EXTRACTION","WELLS",1/12/2005 5:19:08,,
"R","RECHARGE","WELLS",1/12/2005 5:19:08,,
"S","SPRING","WELLS",1/12/2005 5:19:08,,
"T","TUNNEL","WELLS",1/12/2005 5:19:08,,
"U","REMEDIAL: INJECTION","WELLS",1/12/2005 5:19:08,,
"W","WELL","WELLS",1/12/2005 5:19:08,,
"X","TEST HOLE","WELLS",1/12/2005 5:19:08,,
"Y","EXPLORATORY","WELLS",1/12/2005 5:19:08,,
"Z","PIEZOMETER","WELLS",1/12/2005 5:19:08,,
