"CODE","DESCR","CREATEBY","CREATEDT","UPDATEDT","UPDATEBY","ACTIVE","DEFINITION"
"0","NO SITE USE CODE LISTED (NOT DETERMINED)","WELLS",9/24/1997 9:41:09,4/26/2012 10:17:31,"WRREH","Y",
"A","CATHODIC PROTECTION","WELLS",9/24/1997 9:41:09,4/26/2012 10:17:31,"WRREH","Y","Wells used for cathodic protection of pipelines, relays, and other installations."
"B","GROUNDING","WELLS",9/24/1997 9:41:09,4/26/2012 10:17:31,"WRREH","Y","Wells used for grounding installation (electrical substation)."
"C","CAPPED","WELLS",9/24/1997 9:41:09,4/26/2012 10:17:31,"WRREH","Y","Wells capped pursuant to ADWR rule and Owners Notice of Well Capping received.
"
"D","DRAINAGE","WELLS",9/24/1997 9:41:09,4/26/2012 10:17:31,"WRREH","Y","Wells that are drilled pursuant to a drainage permit.
"
"E","UNKNOWN","WELLS",9/24/1997 9:41:09,4/13/2012 10:25:52,"WRREH","Y",
"G","GEOTECHNICAL","WELLS",9/24/1997 9:41:09,4/26/2012 10:17:31,"WRREH","Y","Wells used to collect geotechnical data (soil samples, water samples, etc)
"
"H","HEAT RESERVOIR (HEAT PUMP)","WELLS",9/24/1997 9:41:09,4/26/2012 10:17:31,"WRREH","Y","Borings installed for heating and cooling (usually multiple holes per facility.
"
"I","INJECTION (WRF)","WRDGC",3/8/2017 9:38:38,,,,
"M","MINERAL EXPLORATION","WELLS",9/24/1997 9:41:09,4/26/2012 10:17:31,"WRREH","Y","Borings installed for mineral exploration (more than one per section).
"
"N","CATHODIC","WELLS",9/24/1997 9:41:09,4/13/2012 10:25:52,"WRREH","N",
"O","OBSERVATION","WELLS",9/24/1997 9:41:09,4/13/2012 10:25:52,"WRREH","N",
"P","PIEZOMETER","WELLS",9/24/1997 9:41:09,4/26/2012 10:17:31,"WRREH","Y","Wells used to monitor groundwater levels only.
"
"Q","MONITOR","WELLS",9/24/1997 9:41:09,4/26/2012 10:17:31,"WRREH","Y","Wells used for water quality monitoring
"
"R","RECHARGE","WELLS",9/24/1997 9:41:09,4/26/2012 10:17:31,"WRREH","Y","Wells associated with a recharge site, such as a vadose zone well or injection well.
"
"S","REMEDIATION","WELLS",9/24/1997 9:41:09,4/26/2012 10:17:31,"WRREH","Y","Wells associated with a remediation of groundwater (sparge wells, extraction wells)
"
"T","TEST (HYDRO TEST PERMIT)","WELLS",9/24/1997 9:41:09,4/26/2012 10:17:31,"WRREH","Y","Wells that are drilled pursuant to a hydrologic testing permit.
"
"U","ABANDONED","WELLS",9/24/1997 9:41:09,4/26/2012 10:17:31,"WRREH","Y","Wells that have been abandoned pursuant to ADWR rules.
"
"V","RECOVERY (2NDARY USE TO WATER PRODUCTION)","WRJMT",3/19/2001 12:47:39,4/26/2012 10:17:31,"WRREH","Y","Wells associated with a recovery well permit, usually a secondary site use (water production)
"
"W","WATER PRODUCTION","WELLS",9/24/1997 9:41:09,4/26/2012 10:17:31,"WRREH","Y","Wells used to extract groundwater for a lawful reasonable use.
"
"Y","TRANSPORTATION OF WATER INTO AN AMA.","WRLLC",6/21/2007 8:49:25,4/26/2012 10:17:31,"WRREH","Y","Wells used to transport groundwater to an AMA from another basin.  Secondary use to water production.
"
"Z","DESTROYED","WELLS",9/24/1997 9:41:09,4/26/2012 10:17:31,"WRREH","Y","Well that has been destroyed and not abandoned according to ADWR rules.
"
