"CODE","DESCR","CREATEBY","CREATEDT","UPDATEDT","UPDATEBY"
"0","NO PERMIT TYPE LISTED","WELLS",9/24/1997 9:00:19,9/30/1997 11:46:43,"WELLS"
"G","ALL-ENCOMPASSING PUMPING LIMIT IRRESPECTIVE OF AUTHORITY","WRJMT",9/1/2004 10:44:52,5/24/2012 8:25:37,"WRDGC"
"H","HISTORIC","WRJMT",9/7/2004 8:12:16,,
"P","WITHDRAWAL PERMIT (59)","WELLS",9/24/1997 9:00:19,5/24/2012 8:25:22,"WRDGC"
"PR","PRODUCTION + RECOVERY WELL (74)","WELLS",8/24/2004 7:36:39,5/24/2012 8:25:14,"WRDGC"
"Q","REPLACEMENT IN NEW LOCATION","WELLS",9/24/1997 9:00:19,11/8/2002 16:11:49,"WRJMT"
"R","RECOVERY WELL (74)","WELLS",9/24/1997 9:00:19,5/24/2012 8:25:06,"WRDGC"
"S","SERVICE AREA (S)","WELLS",9/24/1997 9:00:19,5/24/2012 8:24:57,"WRDGC"
"T","NON SERVICE AREA (T)","WELLS",9/24/1997 9:00:19,5/24/2012 8:24:50,"WRDGC"
"U","UNDERGROUND STORAGE FACILITY PERMIT (71)","WRDGC",5/23/2012 14:45:55,5/24/2012 8:24:38,"WRDGC"
