"CODE","DESCR","CREATEBY","CREATEDT","UPDATEDT","UPDATEBY"
"0","NO CASING CODE LISTED","WELLS",9/24/1997 9:11:55,9/30/1997 11:46:32,"WELLS"
"B","PLASTIC OR PVC","WELLS",9/24/1997 9:11:55,9/30/1997 11:46:32,"WELLS"
"C","POROUS CONCRETE","WELLS",9/24/1997 9:11:55,9/30/1997 11:46:32,"WELLS"
"F","GRAVEL WALL - PERFORATED OR SLOTTED WALL","WELLS",9/24/1997 9:11:55,9/30/1997 11:46:32,"WELLS"
"G","GRAVEL WALL - COMMERCIAL SCREEN","WELLS",9/24/1997 9:11:55,9/30/1997 11:46:32,"WELLS"
"H","HORIZONTAL GALLERY OR COLLECTOR","WELLS",9/24/1997 9:11:55,9/30/1997 11:46:32,"WELLS"
"O","OPEN END","WELLS",9/24/1997 9:11:55,9/30/1997 11:46:32,"WELLS"
"P","STEEL - PERFORATED OR SLOTTED CASING","WELLS",9/24/1997 9:11:55,9/30/1997 11:46:32,"WELLS"
"S","SCREEN","WELLS",9/24/1997 9:11:55,9/30/1997 11:46:32,"WELLS"
"T","SANDPOINT","WELLS",9/24/1997 9:11:55,9/30/1997 11:46:32,"WELLS"
"W","WALLED OR SHORED","WELLS",9/24/1997 9:11:55,9/30/1997 11:46:32,"WELLS"
"X","OPEN HOLE IN AQUIFER","WELLS",9/24/1997 9:11:55,9/30/1997 11:46:32,"WELLS"
"Z","OTHER - BLACK STEEL - IRON - SEAMLESS","WELLS",9/24/1997 9:11:55,9/30/1997 11:46:32,"WELLS"
