"CODE","DESCR","CREATEBY","CREATEDT","UPDATEDT","UPDATEBY"
"C","COLLECTOR","WELLS",1/12/2005 5:19:09,,
"D","DRAIN","WELLS",1/12/2005 5:19:09,,
"E","EXCAVATION","WELLS",1/12/2005 5:19:09,,
"G","GPS POINT","WELLS",1/12/2005 5:19:09,,
"M","MULTIPLE","WELLS",1/12/2005 5:19:09,,
"N","NON-WELL","WELLS",1/12/2005 5:19:09,,
"S","SPRING","WELLS",1/12/2005 5:19:09,,
"T","TUNNEL OR SHAFT","WELLS",1/12/2005 5:19:09,,
"U","UNKNOWN","WELLS",1/12/2005 5:19:09,,
"W","WELL","WELLS",6/21/2004 9:11:33,,
