"CODE","DESCR","CREATEBY","CREATEDT","UPDATEDT","UPDATEBY"
"00","NO WATERSHED_CODE","WELLS",9/24/1997 9:59:59,9/30/1997 12:47:45,"WELLS"
"01","VIRGIN RIVER","WELLS",9/24/1997 9:59:59,9/30/1997 12:47:45,"WELLS"
"02","COLORADO RIVER","WELLS",9/24/1997 9:59:59,9/30/1997 12:47:45,"WELLS"
"03","LITTLE COLORADO RIVER","WELLS",9/24/1997 9:59:59,9/30/1997 12:47:45,"WELLS"
"04","BILL WILLIAMS RIVER","WELLS",9/24/1997 9:59:59,9/30/1997 12:47:45,"WELLS"
"05","VERDE RIVER","WELLS",9/24/1997 9:59:59,9/30/1997 12:47:45,"WELLS"
"06","AGUA FRIA RIVER","WELLS",9/24/1997 9:59:59,9/30/1997 12:47:45,"WELLS"
"07","SALT RIVER","WELLS",9/24/1997 9:59:59,9/30/1997 12:47:45,"WELLS"
"08","UPPER GILA RIVER","WELLS",9/24/1997 9:59:59,5/22/2013 9:05:47,"WRREH"
"09","SANTA CRUZ RIVER","WELLS",9/24/1997 9:59:59,9/30/1997 12:47:45,"WELLS"
"10","SAN SIMON RIVER","WELLS",9/24/1997 9:59:59,9/30/1997 12:47:45,"WELLS"
"11","SAN PEDRO RIVER","WELLS",9/24/1997 9:59:59,9/30/1997 12:47:45,"WELLS"
"12","WILLCOX PLAYA","WELLS",9/24/1997 9:59:59,9/30/1997 12:47:45,"WELLS"
"13","WHITE WATER DRAW","WELLS",9/24/1997 9:59:59,9/30/1997 12:47:45,"WELLS"
"14","RIO YAQUI","WELLS",9/24/1997 9:59:59,9/30/1997 12:47:45,"WELLS"
"15","LOWER GILA RIVER","WELLS",9/24/1997 9:59:59,5/22/2013 9:05:47,"WRREH"
