"CODE","DESCR","CREATEBY","CREATEDT","UPDATEDT","UPDATEBY"
"0","NO PUMP CODE LISTED","WELLS",9/24/1997 9:26:28,9/30/1997 11:46:47,"WELLS"
"A","AIR LIFT","WELLS",9/24/1997 9:26:28,9/30/1997 11:46:47,"WELLS"
"B","BUCKET","WELLS",9/24/1997 9:26:28,9/30/1997 11:46:47,"WELLS"
"C","CENTRIFUGAL","WELLS",9/24/1997 9:26:28,9/30/1997 11:46:47,"WELLS"
"J","JET","WELLS",9/24/1997 9:26:28,9/30/1997 11:46:47,"WELLS"
"L","MULTIPLE CENTRIFUGAL","WELLS",9/24/1997 9:26:28,9/30/1997 11:46:47,"WELLS"
"M","MULTIPLE TURBINE","WELLS",9/24/1997 9:26:28,9/30/1997 11:46:47,"WELLS"
"N","NONE","WELLS",9/24/1997 9:26:28,9/30/1997 11:46:47,"WELLS"
"P","PISTON","WELLS",9/24/1997 9:26:28,9/30/1997 11:46:47,"WELLS"
"R","ROTARY","WELLS",9/24/1997 9:26:28,9/30/1997 11:46:47,"WELLS"
"S","SUBMERSIBLE","WELLS",9/24/1997 9:26:28,9/30/1997 11:46:47,"WELLS"
"T","TURBINE","WELLS",9/24/1997 9:26:28,9/30/1997 11:46:47,"WELLS"
"Z","OTHER","WELLS",9/24/1997 9:26:28,9/30/1997 11:46:47,"WELLS"
