"CODE","DESCR","CREATEBY","CREATEDT","UPDATEDT","UPDATEBY","ACTIVE","DEFINITION","TYPE1","TYPE2","TYPE3"
"0","NO USE CODE ON NOI","WELLS",9/24/1997 8:48:30,4/16/2013 14:08:18,"WELLS","Y","No water use indicated on NOI.","FALSE","FALSE","FALSE"
"A","IRRIGATION","WELLS",9/24/1997 8:48:30,4/16/2013 14:08:18,"WELLS","Y","Agricultural irrigation (crops or pasture) anywhere in state.","TRUE","FALSE","FALSE"
"B","UTILITY (WATER CO)","WELLS",9/24/1997 8:48:30,4/16/2013 14:08:18,"WELLS","N",,"FALSE","FALSE","FALSE"
"C","COMMERCIAL","WELLS",9/24/1997 8:48:30,4/16/2013 14:08:18,"WELLS","Y","Water withdrawn for use in a small-scale non-industrial businesses.  Generally exempt wells.","TRUE","FALSE","FALSE"
"D","DOMESTIC","WELLS",9/24/1997 8:48:30,4/16/2013 14:08:18,"WELLS","Y","Water for general residential (household) uses, both indoor and outdoor.","TRUE","FALSE","FALSE"
"E","MUNICIPAL USES","WELLS",9/24/1997 8:48:30,4/16/2013 14:08:18,"WELLS","Y","Water that municipal providers and private water companies deliver to their customers.","TRUE","FALSE","FALSE"
"F","INDUSTRIAL","WELLS",9/24/1997 8:48:30,4/16/2013 14:08:18,"WELLS","Y","Large-scale industrial uses (factory, dairies, turf facilities, solar plants, schools, mining).","TRUE","FALSE","FALSE"
"G","RECREATION","WELLS",9/24/1997 8:48:30,4/16/2013 14:08:18,"WELLS","N",,"FALSE","FALSE","FALSE"
"H","SUBDIVISION","WELLS",9/24/1997 8:48:30,4/16/2013 14:08:18,"WELLS","N",,"FALSE","FALSE","FALSE"
"I","MINING","WELLS",9/24/1997 8:48:30,4/16/2013 14:08:18,"WELLS","N",,"FALSE","FALSE","FALSE"
"J","STOCK","WELLS",9/24/1997 8:48:30,4/16/2013 14:08:18,"WELLS","Y","Water for non-industrial stock watering.  Generally exempt wells.","TRUE","FALSE","FALSE"
"K","OTHER - MINERAL EXPLORE","WELLS",9/24/1997 8:48:30,4/16/2013 14:08:18,"WELLS","N",,"FALSE","FALSE","FALSE"
"L","DRAINAGE","WELLS",9/24/1997 8:48:30,4/16/2013 14:08:18,"WELLS","Y","Water withdrawn to drain agricultural land.","FALSE","FALSE","FALSE"
"M","MONITORING","WELLS",9/24/1997 8:48:30,4/16/2013 14:08:18,"WELLS","Y","Water withdrawn for monitoring water quality.","FALSE","TRUE","FALSE"
"N","NO WATER USE","WELLS",9/24/1997 8:48:30,4/16/2013 14:08:18,"WELLS","Y","Use for wells which do not withdraw groundwater (cathodic protection, soil borings, etc) ","FALSE","TRUE","TRUE"
"O","OTHER - PRODUCTION","WELLS",9/24/1997 8:48:30,4/16/2013 14:08:18,"WELLS","N",,"FALSE","FALSE","FALSE"
"P","RESERVED","WELLS",9/24/1997 8:48:30,4/16/2013 14:08:18,"WELLS","N",,"FALSE","FALSE","FALSE"
"Q","RESERVED","WELLS",9/24/1997 8:48:30,4/16/2013 14:08:18,"WELLS","N",,"FALSE","FALSE","FALSE"
"R","RECOVERY","WELLS",9/24/1997 8:48:30,4/16/2013 14:08:18,"WELLS","Y","Stored water that is recovered pursuant to a recovery well permit.","TRUE","FALSE","FALSE"
"S","RESERVED","WELLS",9/24/1997 8:48:30,4/16/2013 14:08:18,"WELLS","N",,"FALSE","FALSE","FALSE"
"T","TEST","WELLS",9/24/1997 8:48:30,4/16/2013 14:08:18,"WELLS","Y","Water withdrawn pursuant to a hydrotest permit.(ARS 45-519.01)","TRUE","TRUE","FALSE"
"U","UNKNOWN","WELLS",9/24/1997 8:48:30,4/16/2013 14:08:18,"WELLS","Y","Unknown water use.","FALSE","FALSE","FALSE"
"V","DEWATERING","WRKMW",2/20/1998 15:51:05,4/16/2013 14:08:18,"WELLS","Y","To lower water table.  In AMA pursusant to a Dewatering Permit (ARS 45-519).","TRUE","TRUE","FALSE"
"W","RESERVED","WELLS",9/24/1997 8:48:30,4/16/2013 14:08:18,"WELLS","N",,"FALSE","FALSE","FALSE"
"Y","REMEDIATION","WRREH",11/6/2003 8:57:05,4/16/2013 14:08:18,"WELLS","Y","Water withdrawn for remediating groudnwater at remedial action sites.","FALSE","TRUE","FALSE"
