"CODE","DESCR","CREATEBY","CREATEDT","UPDATEDT","UPDATEBY"
"-1","NO DISCHARGE METHOD LISTED","WELLS",10/17/1997 9:16:56,,
"0","ESTIMATED - AIR LIFT","WELLS",9/24/1997 9:06:56,9/30/1997 12:47:53,"WELLS"
"1","BUCKET - BARREL - STOPWATCH","WELLS",9/24/1997 9:06:56,9/30/1997 12:47:53,"WELLS"
"2","METER","WELLS",9/24/1997 9:06:56,9/30/1997 12:47:53,"WELLS"
"3","BAILER","WELLS",9/24/1997 9:06:56,9/30/1997 12:47:53,"WELLS"
"4","ORIFICE","WELLS",9/24/1997 9:06:56,9/30/1997 12:47:53,"WELLS"
"5","WEIR - FLUME","WELLS",9/24/1997 9:06:56,9/30/1997 12:47:53,"WELLS"
"6","GAUGE - PITOT TUBE","WELLS",9/24/1997 9:06:56,9/30/1997 12:47:53,"WELLS"
"7","CURRENT - VENTURI METER - FLOW","WELLS",9/24/1997 9:06:56,9/30/1997 12:47:53,"WELLS"
"8","VOLUME - STORAGE TANK","WELLS",9/24/1997 9:06:56,9/30/1997 12:47:53,"WELLS"
"9","FREE FALL","WELLS",9/24/1997 9:06:56,9/30/1997 12:47:53,"WELLS"
"X","NONE","WELLS",9/24/1997 9:06:56,9/30/1997 12:47:53,"WELLS"
