"CODE","DESCR","CREATEBY","CREATEDT","UPDATEDT","UPDATEBY"
"A","ATTORNEY","WELLS",9/24/1997 10:19:13,9/30/1997 11:46:39,"WELLS"
"B","COMPANY OWNER","WELLS",1/12/2005 5:19:09,,
"C","IN CARE OF","WELLS",9/24/1997 10:19:13,9/30/1997 11:46:39,"WELLS"
"D","DRILLER","WELLS",1/12/2005 5:19:09,,
"E","EMPLOYEE","WELLS",1/12/2005 5:19:09,,
"F","LAND OWNER","WELLS",1/12/2005 5:19:09,,
"G","GOVERNMENT","WELLS",1/12/2005 5:19:09,,
"L","LESSEE","WELLS",1/12/2005 5:19:09,,
"N","NEIGHBOR","WELLS",1/12/2005 5:19:09,,
"NO","NON-OWNER","WRLLC",7/29/2005 11:03:44,,
"O","OWNER","WELLS",9/24/1997 10:19:13,9/30/1997 11:46:39,"WELLS"
"R","RESPONDENT","WELLS",9/24/1997 10:19:13,9/30/1997 11:46:39,"WELLS"
"T","CONSULTANT","WELLS",9/24/1997 10:19:13,9/30/1997 11:46:39,"WELLS"
"X","OTHER","WELLS",9/24/1997 10:19:13,9/30/1997 11:46:39,"WELLS"
