"CODE","DESCR","CREATEBY","CREATEDT","UPDATEDT","UPDATEBY"
"DOD","Department of Defense",,,,
"DOD BUFFER","Department of Defense 1 mile buffer","WELLS",8/29/2005 12:08:22,,
"LUST","Leaking Underground Storage Tanks",,,,
"NPL","National Priorities List",,,,
"NPL BUFFER","National Priorities List 1 mile buffer","WELLS",8/29/2005 12:08:41,,
"RCRA","Resource Conservation and Recovery Act","WRREH",11/1/2004 14:42:21,,
"RICRA","Resource Conservation and Recovery Act",,,,
"VRP","Voluntary Remediation Program","WRREH",11/1/2004 14:42:34,,
"WQARF","Water Quality Assurance Revolving Fund",,,,
"WQARF BUFFER","Water Quality Assurance Revolving Fund 1 mile buffer","WELLS",8/29/2005 12:09:00,,
