"CODE","DESCR","TYPE","CREATEBY","CREATEDT","UPDATEDT","UPDATEBY"
"A","ALTIMETER","E","WELLS",1/12/2005 5:19:08,,
"C","CALCULATED FROM LAND NET","L","WELLS",4/26/2012 11:24:54,,
"D","DIFFERENTIAL GLOBE POSITIONING SYSTEM (DGPS)","B","WELLS",1/12/2005 5:19:08,4/26/2012 11:24:54,"WELLS"
"E","REPORTED","B","WELLS",1/12/2005 5:19:08,4/26/2012 11:24:54,"WELLS"
"F","CALCULATED FROM CADASTRAL","L","WELLS",1/12/2005 5:19:08,,
"G","GLOBE POSITIONING SYSTEM (GPS)","B","WELLS",1/12/2005 5:19:08,4/26/2012 11:24:54,"WELLS"
"H","REPORTED BY SOURCE AGENCY","B","WELLS",1/12/2005 5:19:08,,
"I","INTERFEROMETRIC SYNTHETIC APERTURE RADAR, AIRPLANE (IFSAR)","E","WELLS",4/26/2012 11:24:54,,
"J","LIGHT DETECTION AND RANGING, AIRPLANE (LIDAR)","E","WELLS",1/12/2005 5:19:08,4/26/2012 11:24:54,"WELLS"
"K","POST-PROCESSED STATIC SURVEY GPS","B","WELLS",4/26/2012 11:24:54,,
"L","LEVEL OR OTHER SURVEY METHOD","E","WELLS",4/26/2012 11:24:54,,
"M","INTERPOLATED FROM TOPOGRAPHIC MAP","B","WELLS",4/26/2012 11:24:54,,
"N","INTERPOLATED FROM DIGITAL ELEVATION MODEL (DEM)","B","WELLS",4/26/2012 11:24:54,,
"O","OTHER","B","WELLS",1/12/2005 5:19:08,,
"P","PHOTO","B","WELLS",1/12/2005 5:19:08,,
"R","REAL-TIME KINEMATIC GPS POSITION","B","WELLS",1/12/2005 5:19:08,,
"S","TRANSIT, THEODOLITE, OR OTHER SURVEYING METHOD","E","WELLS",1/12/2005 5:19:08,4/26/2012 11:24:54,"WELLS"
"U","UNKNOWN SOURCE","B","WELLS",1/12/2005 5:19:08,,
"V","INSTRUMENT SURVEY METHOD","B","WELLS",1/12/2005 5:19:08,,
"X","VISUALLY INTERPOLATED FROM USGS 7.5' MAP","B","WELLS",1/12/2005 5:19:08,,
"Y","CALCULATED USING GIS TRS COVER","L","WELLS",1/12/2005 5:19:08,,
