"CODE","DESCR","CREATEBY","CREATEDT","UPDATEDT","UPDATEBY"
"1D","DRILL A WATER PRODUCTION WELL","WELLS",11/13/2003 5:40:15,,
"1E","DEEPEN A WATER PRODUCTION WELL","WELLS",11/13/2003 5:40:15,,
"1M","MODIFY A WATER PRODUCTION WELL","WELLS",11/13/2003 5:40:16,,
"1R","REPLACE A WATER PRODUCTION WELL","WELLS",11/13/2003 5:40:15,,
"2D","DRILL A MON, PIEZ OR ENVIRONMENTAL WELL","WELLS",11/13/2003 5:40:16,,
"2E","DEEPEN A MON, PIEZ OR ENVIRONMENTAL WELL","WELLS",11/13/2003 5:40:16,,
"2M","MODIFY A MON, PIEZ OR ENVIRONMENTAL WELL","WELLS",11/13/2003 5:40:16,,
"3B","ABANDON AN EXPLOR OR SPECIALTY WELL","WELLS",11/13/2003 5:40:16,,
"3D","DRILL AN EXPLOR OR SPECIALTY WELL","WELLS",11/13/2003 5:40:16,,
"4A","ABANDON A WELL","WELLS",11/13/2003 5:40:16,,
