"CODE","DESCR","BASIN_NAME","CREATEBY","CREATEDT","UPDATEDT","UPDATEBY","BASIN_CODE"
0,"NO SUBBASIN","NO BASIN","WELLS",9/24/1997 9:54:24,9/30/1997 11:46:54,"WELLS",
1,"LITTLE CHINO","PRESCOTT AMA","WELLS",9/24/1997 9:54:24,5/13/2009 20:30:34,"WELLS","PRE"
2,"UPPER AGUA FRIA","PRESCOTT AMA","WELLS",9/24/1997 9:54:24,5/13/2009 20:30:34,"WELLS","PRE"
3,"HASSAYAMPA","PHOENIX AMA","WELLS",9/24/1997 9:54:24,5/13/2009 20:30:34,"WELLS","PHX"
4,"WEST SALT RIVER VALLEY","PHOENIX AMA","WELLS",9/24/1997 9:54:24,5/13/2009 20:30:34,"WELLS","PHX"
5,"LAKE PLEASANT","PHOENIX AMA","WELLS",9/24/1997 9:54:24,5/13/2009 20:30:34,"WELLS","PHX"
6,"EAST SALT RIVER VALLEY","PHOENIX AMA","WELLS",9/24/1997 9:54:24,5/13/2009 20:30:34,"WELLS","PHX"
7,"CAREFREE","PHOENIX AMA","WELLS",9/24/1997 9:54:24,5/13/2009 20:30:34,"WELLS","PHX"
8,"FOUNTAIN HILLS","PHOENIX AMA","WELLS",9/24/1997 9:54:24,5/13/2009 20:30:34,"WELLS","PHX"
9,"RAINBOW VALLEY","PHOENIX AMA","WELLS",9/24/1997 9:54:24,5/13/2009 20:30:34,"WELLS","PHX"
10,"MARICOPA-STANFIELD","PINAL AMA","WELLS",9/24/1997 9:54:24,5/13/2009 20:30:34,"WELLS","PIN"
11,"ELOY","PINAL AMA","WELLS",9/24/1997 9:54:24,5/13/2009 20:30:34,"WELLS","PIN"
12,"VEKOL VALLEY","PINAL AMA","WELLS",9/24/1997 9:54:24,5/13/2009 20:30:34,"WELLS","PIN"
13,"SANTA ROSA VALLEY","PINAL AMA","WELLS",9/24/1997 9:54:24,5/13/2009 20:30:34,"WELLS","PIN"
14,"AGUIRRE VALLEY","PINAL AMA","WELLS",9/24/1997 9:54:24,5/13/2009 20:30:34,"WELLS","PIN"
15,"AVRA VALLEY","TUCSON AMA","WELLS",9/24/1997 9:54:24,5/13/2009 20:30:34,"WELLS","TUC"
16,"UPPER SANTA CRUZ","TUCSON AMA","WELLS",9/24/1997 9:54:24,5/13/2009 20:30:34,"WELLS","TUC"
17,"DOUGLAS","DOUGLAS INA","WELLS",9/24/1997 14:19:23,5/13/2009 20:30:35,"WELLS","DIN"
18,"JOSEPH CITY","JOSEPH CITY INA","WELLS",9/24/1997 14:19:23,5/13/2009 20:30:35,"WELLS","JCI"
19,"HARQUAHALA","HARQUAHALA INA","WELLS",9/24/1997 14:19:23,5/13/2009 20:30:35,"WELLS","HAR"
20,"AGUA FRIA","AGUA FRIA","WELLS",9/24/1997 14:19:23,5/13/2009 20:30:34,"WELLS","AGF"
21,"ARAVAIPA CANYON","ARAVAIPA CANYON","WELLS",9/24/1997 14:19:23,5/13/2009 20:30:34,"WELLS","ARA"
22,"FORT ROCK","BIG SANDY","WELLS",9/24/1997 9:54:24,5/13/2009 20:30:34,"WELLS","BIS"
23,"WIKIEUP","BIG SANDY","WELLS",9/24/1997 9:54:24,5/13/2009 20:30:34,"WELLS","BIS"
24,"ALAMO RESERVOIR","BILL WILLIAMS","WELLS",9/24/1997 9:54:24,5/13/2009 20:30:34,"WELLS","BWM"
25,"BURRO CREEK","BILL WILLIAMS","WELLS",9/24/1997 9:54:24,5/13/2009 20:30:34,"WELLS","BWM"
26,"CLARA PEAK","BILL WILLIAMS","WELLS",9/24/1997 9:54:24,5/13/2009 20:30:34,"WELLS","BWM"
27,"SANTA MARIA","BILL WILLIAMS","WELLS",9/24/1997 9:54:24,5/13/2009 20:30:34,"WELLS","BWM"
28,"SKULL VALLEY","BILL WILLIAMS","WELLS",9/24/1997 9:54:24,5/13/2009 20:30:34,"WELLS","BWM"
29,"BONITA CREEK","BONITA CREEK","WELLS",9/24/1997 14:19:23,5/13/2009 20:30:35,"WELLS","BON"
30,"BUTLER VALLEY","BUTLER VALLEY","WELLS",9/24/1997 14:19:23,5/13/2009 20:30:34,"WELLS","BUT"
31,"CIENEGA CREEK","CIENEGA CREEK","WELLS",9/24/1997 14:19:23,5/13/2009 20:30:34,"WELLS","CCK"
32,"COCONINO PLATEAU","COCONINO PLATEAU","WELLS",9/24/1997 14:19:23,5/13/2009 20:30:34,"WELLS","COP"
33,"DETRITAL VALLEY","DETRITAL VALLEY","WELLS",9/24/1997 14:19:23,5/13/2009 20:30:34,"WELLS","DET"
34,"DONNELLY WASH","DONNELLY WASH","WELLS",9/24/1997 14:19:23,5/13/2009 20:30:34,"WELLS","DON"
35,"DOUGLAS","DOUGLAS","WELLS",9/24/1997 14:19:23,5/13/2009 20:30:34,"WELLS","DOU"
36,"DRIPPING SPRINGS WASH","DRIPPING SPRINGS WASH","WELLS",9/24/1997 14:19:23,5/13/2009 20:30:35,"WELLS","DSW"
37,"DUNCAN VALLEY","DUNCAN VALLEY","WELLS",9/24/1997 14:19:23,5/13/2009 20:30:34,"WELLS","DUN"
38,"GILA BEND","GILA BEND","WELLS",9/24/1997 14:19:23,5/13/2009 20:30:34,"WELLS","GIL"
39,"GRAND WASH","GRAND WASH","WELLS",9/24/1997 14:19:23,5/13/2009 20:30:34,"WELLS","GWA"
40,"HUALAPAI VALLEY","HUALAPAI VALLEY","WELLS",9/24/1997 14:19:23,5/13/2009 20:30:34,"WELLS","HUA"
41,"KANAB PLATEAU","KANAB PLATEAU","WELLS",9/24/1997 14:19:23,5/13/2009 20:30:34,"WELLS","KAN"
42,"LAKE HAVASU","LAKE HAVASU","WELLS",9/24/1997 14:19:23,5/13/2009 20:30:34,"WELLS","LKH"
43,"LAKE MOHAVE","LAKE MOHAVE","WELLS",9/24/1997 14:19:23,5/13/2009 20:30:34,"WELLS","MHV"
44,"LITTLE COLORADO RIVER PLATEAU","LITTLE COLORADO RIVER PLATEAU","WELLS",9/24/1997 14:19:23,5/13/2009 20:30:34,"WELLS","LCR"
45,"CHILDS VALLEY","LOWER GILA","WELLS",9/24/1997 9:54:24,5/13/2009 20:30:34,"WELLS","LGB"
46,"DENDORA VALLEY","LOWER GILA","WELLS",9/24/1997 9:54:24,5/13/2009 20:30:34,"WELLS","LGB"
47,"WELLTON-MOHAWK","LOWER GILA","WELLS",9/24/1997 9:54:24,5/13/2009 20:30:34,"WELLS","LGB"
48,"CAMP GRANT WASH","LOWER SAN PEDRO","WELLS",9/24/1997 9:54:24,5/13/2009 20:30:34,"WELLS","LSP"
49,"MAMMOTH","LOWER SAN PEDRO","WELLS",9/24/1997 9:54:24,5/13/2009 20:30:34,"WELLS","LSP"
50,"MCMULLEN VALLEY","MCMULLEN VALLEY","WELLS",9/24/1997 14:19:23,5/13/2009 20:30:34,"WELLS","MMU"
51,"MEADVIEW","MEADVIEW","WELLS",9/24/1997 14:19:23,5/13/2009 20:30:34,"WELLS","MEA"
52,"MORENCI","MORENCI","WELLS",9/24/1997 14:19:23,5/13/2009 20:30:35,"WELLS","MOR"
53,"PARIA","PARIA","WELLS",9/24/1997 14:19:23,5/13/2009 20:30:34,"WELLS","PAR"
54,"CIBOLA VALLEY","PARKER","WELLS",9/24/1997 9:54:24,5/13/2009 20:30:34,"WELLS","PKB"
55,"COLORADO RIVER INDIAN RES.","PARKER","WELLS",9/24/1997 9:54:24,5/13/2009 20:30:34,"WELLS","PKB"
56,"LA POSA PLAINS","PARKER","WELLS",9/24/1997 9:54:24,5/13/2009 20:30:34,"WELLS","PKB"
57,"PEACH SPRINGS","PEACH SPRINGS","WELLS",9/24/1997 14:19:23,5/13/2009 20:30:34,"WELLS","PSC"
58,"RANEGRAS PLAIN","RANEGRAS PLAIN","WELLS",9/24/1997 14:19:23,5/13/2009 20:30:34,"WELLS","RAN"
59,"SACRAMENTO VALLEY","SACRAMENTO VALLEY","WELLS",9/24/1997 14:19:23,5/13/2009 20:30:34,"WELLS","SAC"
60,"GILA VALLEY","SAFFORD","WELLS",9/24/1997 9:54:24,5/13/2009 20:30:34,"WELLS","SAF"
61,"SAN CARLOS VALLEY","SAFFORD","WELLS",9/24/1997 9:54:24,5/13/2009 20:30:34,"WELLS","SAF"
62,"SAN SIMON VALLEY","SAFFORD","WELLS",9/24/1997 9:54:24,5/13/2009 20:30:34,"WELLS","SAF"
63,"BLACK RIVER","SALT RIVER","WELLS",9/24/1997 9:54:24,5/13/2009 20:30:34,"WELLS","SRB"
64,"SALT RIVER CANYON","SALT RIVER","WELLS",9/24/1997 9:54:24,5/13/2009 20:30:34,"WELLS","SRB"
65,"SALT RIVER LAKES","SALT RIVER","WELLS",9/24/1997 9:54:24,5/13/2009 20:30:34,"WELLS","SRB"
66,"WHITE RIVER","SALT RIVER","WELLS",9/24/1997 9:54:24,5/13/2009 20:30:34,"WELLS","SRB"
67,"SAN BERNARDINO VALLEY","SAN BERNARDINO VALLEY","WELLS",9/24/1997 14:19:23,5/13/2009 20:30:35,"WELLS","SBV"
68,"SAN RAFAEL","SAN RAFAEL","WELLS",9/24/1997 14:19:23,5/13/2009 20:30:34,"WELLS","SRF"
69,"SAN SIMON WASH","SAN SIMON WASH","WELLS",9/24/1997 14:19:23,5/13/2009 20:30:35,"WELLS","SSW"
70,"SANTA CRUZ AMA","SANTA CRUZ AMA","WELLS",9/24/1997 14:19:23,5/13/2009 20:30:34,"WELLS","SCA"
71,"SHIVWITS PLATEAU","SHIVWITS PLATEAU","WELLS",9/24/1997 14:19:23,5/13/2009 20:30:34,"WELLS","SHV"
72,"TIGER WASH","TIGER WASH","WELLS",9/24/1997 14:19:23,5/13/2009 20:30:34,"WELLS","TIG"
73,"TONTO CREEK","TONTO CREEK","WELLS",9/24/1997 14:19:23,5/13/2009 20:30:34,"WELLS","TON"
74,"UPPER HASSAYAMPA","UPPER HASSAYAMPA","WELLS",9/24/1997 14:19:23,5/13/2009 20:30:35,"WELLS","UHA"
75,"ALLEN FLAT","UPPER SAN PEDRO","WELLS",9/24/1997 9:54:24,5/13/2009 20:30:35,"WELLS","USP"
76,"SIERRA VISTA","UPPER SAN PEDRO","WELLS",9/24/1997 9:54:24,5/13/2009 20:30:35,"WELLS","USP"
77,"BIG CHINO","VERDE RIVER","WELLS",9/24/1997 9:54:24,5/13/2009 20:30:35,"WELLS","VRB"
78,"VERDE CANYON","VERDE RIVER","WELLS",9/24/1997 9:54:24,5/13/2009 20:30:35,"WELLS","VRB"
79,"VERDE VALLEY","VERDE RIVER","WELLS",9/24/1997 9:54:24,5/13/2009 20:30:35,"WELLS","VRB"
80,"VIRGIN RIVER","VIRGIN RIVER","WELLS",9/24/1997 14:19:23,5/13/2009 20:30:35,"WELLS","VRG"
81,"WESTERN MEXICAN DRAINAGE","WESTERN MEXICAN DRAINAGE","WELLS",9/24/1997 14:19:23,5/13/2009 20:30:35,"WELLS","WMD"
82,"WILLCOX","WILLCOX","WELLS",9/24/1997 14:19:23,5/13/2009 20:30:35,"WELLS","WIL"
83,"YUMA","YUMA","WELLS",9/24/1997 14:19:23,5/13/2009 20:30:35,"WELLS","YUM"
