"CODE","DESCR","CREATEBY","CREATEDT","UPDATEDT","UPDATEBY"
0,"NO PROGRAM CODE LISTED","WELLS",9/24/1997 9:24:35,9/30/1997 11:46:46,"WELLS"
33,"APPLICATIONS FOR WATER RIGHTS","WELLS",9/24/1997 9:24:35,9/30/1997 11:46:46,"WELLS"
35,"OLD WELL REGISTRY","WELLS",9/24/1997 9:24:35,9/30/1997 11:46:46,"WELLS"
36,"STATEMENT OF CLAIMS FOR WATER RIGHTS","WELLS",9/24/1997 9:24:35,9/30/1997 11:46:46,"WELLS"
38,"STOCKPONDS","WELLS",9/24/1997 9:24:35,9/30/1997 11:46:46,"WELLS"
39,"STATEMENT OF CLAIMANT","WELLS",9/24/1997 9:24:35,9/30/1997 11:46:46,"WELLS"
45,"CLAIMED WILDERNESS FEDERAL RESERVED RIGHTS","WELLS",9/24/1997 9:24:35,9/30/1997 11:46:46,"WELLS"
46,"CLAIMED PUBLIC WATER 107 FEDERAL RESERVED RIGHTS","WELLS",9/24/1997 9:24:35,9/30/1997 11:46:46,"WELLS"
55,"STATE WELL REGISTRY","WELLS",9/24/1997 9:24:35,9/30/1997 11:46:46,"WELLS"
56,"WATER PROVIDERS","WELLS",9/24/1997 9:24:35,9/30/1997 11:46:46,"WELLS"
57,"IRRIGATION DISTRICTS","WELLS",9/24/1997 9:24:35,9/30/1997 11:46:46,"WELLS"
58,"GRANDFATHERED IRRIGATION RIGHTS","WELLS",9/24/1997 9:24:35,9/30/1997 11:46:46,"WELLS"
59,"WITHDRAWAL PERMITS","WELLS",9/24/1997 9:24:35,9/30/1997 11:46:46,"WELLS"
60,"IRRIGATION NON-EXPANSION AREA WATER USERS","WELLS",9/24/1997 9:24:35,9/30/1997 11:46:46,"WELLS"
61,"EXCEPTION USERS","WELLS",9/24/1997 9:24:35,9/30/1997 11:46:46,"WELLS"
62,"INDIVIDUAL WATER USERS","WELLS",9/24/1997 9:24:35,9/30/1997 11:46:46,"WELLS"
64,"UNDERGROUND STORAGE AND RECOVERY","WELLS",9/24/1997 9:24:35,9/30/1997 11:46:46,"WELLS"
65,"INDIRECT STORAGE AND RECOVERY","WELLS",9/24/1997 9:24:35,9/30/1997 11:46:46,"WELLS"
66,"ANNUAL STORAGE AND RECOVERY","WELLS",9/24/1997 9:24:35,9/30/1997 11:46:46,"WELLS"
67,"STATEMENT OF WATER EXCHANGE CONTRACT","WELLS",9/24/1997 9:24:35,9/30/1997 11:46:46,"WELLS"
68,"WATER EXCHANGE PERMIT","WELLS",9/24/1997 9:24:35,9/30/1997 11:46:46,"WELLS"
69,"NOTICE OF WATER EXCHANGE","WELLS",9/24/1997 9:24:35,9/30/1997 11:46:46,"WELLS"
70,"LONG-TERM STORAGE","WELLS",9/24/1997 9:24:35,9/30/1997 11:46:46,"WELLS"
71,"UNDERGROUND STORAGE FACILITY PERMIT","WELLS",9/24/1997 9:24:35,9/30/1997 11:46:46,"WELLS"
72,"GROUNDWATER SAVINGS FACILITY PERMIT","WELLS",9/24/1997 9:24:35,9/30/1997 11:46:46,"WELLS"
73,"WATER STORAGE PERMIT","WELLS",9/24/1997 9:24:35,9/30/1997 11:46:46,"WELLS"
74,"RECOVERY WELLS","WELLS",9/24/1997 9:24:35,9/30/1997 11:46:46,"WELLS"
75,"REPLENISHMENT WELLS","WELLS",9/24/1997 9:24:35,9/30/1997 11:46:46,"WELLS"
76,"STATE DEMO PROJECTS","WELLS",9/24/1997 9:24:35,9/30/1997 11:46:46,"WELLS"
78,"GRANDFATHERED RIGHTS APPLICATIONS BEFORE 09/14/81","WELLS",9/24/1997 9:24:35,9/30/1997 11:46:46,"WELLS"
82,"GRANDFATHERED RIGHTS APPLICATIONS BETWEEN 09/14/81 AND 07/01/83","WELLS",9/24/1997 9:24:35,9/30/1997 11:46:46,"WELLS"
90,"APPLICATION TO TRANSPORT WATER OUT-OF-STATE","WELLS",9/24/1997 9:24:35,9/30/1997 11:46:46,"WELLS"
