"CODE","DESCR","CREATEBY","CREATEDT","UPDATEDT","UPDATEBY"
"A","ADWR","WELLS",1/12/2005 5:19:08,,
"B","USBR","WELLS",1/12/2005 5:19:08,,
"C","CONSULTANT","WELLS",1/12/2005 5:19:08,,
"D","DRILLER","WELLS",1/12/2005 5:19:08,,
"E","NEW MEXICO OFFICE OF THE STATE ENGINEER","WELLS",1/12/2005 5:19:08,,
"F","APS","WELLS",1/12/2005 5:19:08,,
"G","U OF A","WELLS",1/12/2005 5:19:08,,
"H","ADEQ","WELLS",1/12/2005 5:19:08,,
"J","MILITARY","WELLS",1/12/2005 5:19:08,,
"L","ASLD","WELLS",1/12/2005 5:19:08,,
"M","BLM","WELLS",1/12/2005 5:19:08,,
"O","OWNER","WELLS",1/12/2005 5:19:08,,
"R","OTHER REPORTED","WELLS",1/12/2005 5:19:08,,
"S","SRP","WELLS",1/12/2005 5:19:08,,
"T","CITY OF TUCSON","WELLS",1/12/2005 5:19:08,,
"U","USGS","WELLS",1/12/2005 5:19:08,,
"W","WMIDD","WELLS",1/12/2005 5:19:08,,
"Z","OTHER","WELLS",1/12/2005 5:19:08,,
