"CODE","DESCR","PROJECT_DATE","SHORT_NAME","CREATEBY","CREATEDT","UPDATEDT","UPDATEBY"
"20TH","20TH AND FACTOR YUMA",4/16/2006 0:00:00,"20TH","WRDGC",8/13/2007 13:34:44,9/6/2007 8:22:53,"WRDGC"
"BP","BROADWAY PANTANO",1/19/2005 0:00:00,"BP","WRMAH",1/19/2005 15:45:57,,
"CP","CENTRAL PHOENIX-7BETH;CENCAMEL;16CAMEL",11/7/2007 0:00:00,"CP","WRDGC",11/7/2007 16:43:14,,
"ECP","East Central Phoenix",3/19/2009 0:00:00,"ECP","WRDXW",3/19/2009 11:30:49,,
"EWF","EAST WASHINGTON FLUFF",1/12/2005 0:00:00,"EWF","WRMAH",1/12/2005 10:18:37,,
"KT","KLONDYKE TAILINGS",1/5/2005 0:00:00,"KT","WRMAB",1/5/2006 14:44:39,,
"OTHER","Use to Update All  Well Information",12/28/2007 0:00:00,"OTHER","WRTDD",12/28/2007 14:55:49,4/27/2010 13:04:49,"WRTDD"
"PE","PARK EUCLID & 7TH STREET AND ARIZONA AVE",1/20/2005 0:00:00,"PE","WRKAM",1/20/2005 14:27:35,,
"SM","SOUTH MESA",6/24/2005 0:00:00,"SM","WRMAH",6/24/2005 15:45:13,,
"SR","SHANNON RILLITO",1/21/2005 0:00:00,"SR","WRMAH",1/21/2005 11:06:15,,
"TOP","TOWN OF PAYSON",9/21/2006 0:00:00,"TOP","WRAMM",9/21/2006 14:09:32,,
"TW","TYSON WASH",1/13/2005 0:00:00,"TW","WRKAM",1/13/2005 8:47:11,,
"VM","VULTURE MILL TAILINGS",11/20/2006 0:00:00,"VM","WRJYM",12/14/2007 15:45:14,12/17/2007 10:52:40,"WRDGC"
"WCP","WEST CENTRAL PHOENIX",1/18/2005 0:00:00,"WCP","WRKAM",1/18/2005 11:34:33,,
"WVB","WEST VAN BUREN",8/11/2005 0:00:00,"WVB","WRMAB",8/11/2005 14:30:58,,
"ZZ","Marked for deletion",7/2/2008 0:00:00,"ZZ","WRDGC",7/3/2008 7:55:51,,
