"CODE","DESCR","CREATEBY","CREATEDT","UPDATEDT","UPDATEBY"
"0","NO POWER CODE LISTED","WELLS",9/24/1997 9:19:30,9/30/1997 11:46:45,"WELLS"
"1","HAND","WELLS",9/24/1997 9:19:30,9/30/1997 11:46:45,"WELLS"
"4","SOLAR","WRLLC",6/16/2009 16:51:58,,
"6","WINDMILL","WELLS",9/24/1997 9:19:30,9/30/1997 11:46:45,"WELLS"
"8","OTHER","WELLS",9/24/1997 9:19:30,9/30/1997 11:46:45,"WELLS"
"A","NATURAL GAS OR LP GAS   1 -  20 HP","WELLS",9/24/1997 9:19:30,9/30/1997 11:46:45,"WELLS"
"B","NATURAL GAS OR LP GAS  21 -  50 HP","WELLS",9/24/1997 9:19:30,9/30/1997 11:46:45,"WELLS"
"C","NATURAL GAS OR LP GAS  51 - 100 HP","WELLS",9/24/1997 9:19:30,9/30/1997 11:46:45,"WELLS"
"D","NATURAL GAS OR LP GAS 101 - 200 HP","WELLS",9/24/1997 9:19:30,9/30/1997 11:46:45,"WELLS"
"E","NATURAL GAS OR LP GAS > 200 HP","WELLS",9/24/1997 9:19:30,9/30/1997 11:46:45,"WELLS"
"F","GASOLINE ENGINE   1 -   5 HP","WELLS",9/24/1997 9:19:30,9/30/1997 11:46:45,"WELLS"
"G","GASOLINE ENGINE   5 -  20 HP","WELLS",9/24/1997 9:19:30,9/30/1997 11:46:45,"WELLS"
"H","GASOLINE ENGINE  21 -  50 HP","WELLS",9/24/1997 9:19:30,9/30/1997 11:46:45,"WELLS"
"J","GASOLINE ENGINE  51 - 100 HP","WELLS",9/24/1997 9:19:30,9/30/1997 11:46:45,"WELLS"
"K","GASOLINE ENGINE 101 - 200 HP","WELLS",9/24/1997 9:19:30,9/30/1997 11:46:45,"WELLS"
"L","GASOLINE ENGINE > 200 HP","WELLS",9/24/1997 9:19:30,9/30/1997 11:46:45,"WELLS"
"M","DIESEL ENGINE   1 -  50 HP","WELLS",9/24/1997 9:19:30,9/30/1997 11:46:45,"WELLS"
"N","DIESEL ENGINE  51 - 150 HP","WELLS",9/24/1997 9:19:30,9/30/1997 11:46:45,"WELLS"
"P","DIESEL ENGINE 151 - 400 HP","WELLS",9/24/1997 9:19:30,9/30/1997 11:46:45,"WELLS"
"Q","DIESEL ENGINE 401 - 750 HP","WELLS",9/24/1997 9:19:30,9/30/1997 11:46:45,"WELLS"
"R","DIESEL ENGINE > 750 HP","WELLS",9/24/1997 9:19:30,9/30/1997 11:46:45,"WELLS"
"S","ELECTRIC MOTOR < 1 HP","WELLS",9/24/1997 9:19:30,9/30/1997 11:46:45,"WELLS"
"T","ELECTRIC MOTOR   1 -   5 HP","WELLS",9/24/1997 9:19:30,9/30/1997 11:46:45,"WELLS"
"U","ELECTRIC MOTOR   6 -  15 HP","WELLS",9/24/1997 9:19:30,9/30/1997 11:46:45,"WELLS"
"V","ELECTRIC MOTOR  16 - 100 HP","WELLS",9/24/1997 9:19:30,9/30/1997 11:46:45,"WELLS"
"W","ELECTRIC MOTOR > 100 HP","WELLS",9/24/1997 9:19:30,9/30/1997 11:46:45,"WELLS"
