"CODE","DESCR","TYPE","CREATEBY","CREATEDT","UPDATEDT","UPDATEBY"
"A","ADWR","WELL NAME","WELLS",1/12/2005 5:19:08,,
"B","ADEQ","DATABASE ID","WELLS",1/12/2005 5:19:08,,
"C","SRP","DATABASE ID","WELLS",1/12/2005 5:19:08,,
"D","GWSI","DATABASE ID","WELLS",1/12/2005 5:19:08,,
"E","WELLS35","DATABASE ID","WELLS",1/12/2005 5:19:08,,
"F","WELLSC55","WELL NAME","WELLS",1/12/2005 5:19:08,1/21/2005 14:20:27,"WRREH"
"G","WQARF","DATABASE ID","WELLS",1/12/2005 5:19:08,,
"H","WELLS55","DATABASE ID","WELLS",1/12/2005 5:19:08,,
"I","UOFA","DATABASE ID","WELLS",1/12/2005 5:19:08,1/21/2005 14:20:52,"WRREH"
"J","COT","DATABASE ID","WELLS",1/12/2005 5:19:08,1/21/2005 14:21:03,"WRREH"
"K","WESTON","DATABASE ID","WELLS",1/12/2005 5:19:08,1/21/2005 14:21:15,"WRREH"
"L","ADEQ","WELL NAME","WELLS",1/12/2005 5:19:08,12/12/2005 11:55:21,"WRTDD"
"M","ADWR TRANSDUCER SITE CODE","DATABASE ID","WRTDD",12/12/2005 12:35:55,,
"O","OWNER","WELL NAME","WRDGC",5/30/2008 8:19:45,3/25/2009 12:43:22,"WRDGC"
"P","DRILLER REPORT","WELL NAME","WRTDD",10/29/2008 16:50:29,,
"R","BUREAU OF RECLAMATION","WELL NAME","WRTDD",9/19/2008 15:44:59,,
"S","APS","WELL NAME","WRREH",7/8/2010 10:40:29,,
"T","ADOT PARCEL ID","DATABASE ID","WRDGC",3/29/2016 15:14:13,,
"W","ADEQ PUBLIC WATER SUPPLY NUMBER","DATABASE ID","WRDGC",4/15/2010 13:03:19,,
