"CODE","DESCR","CREATEBY","CREATEDT","UPDATEDT","UPDATEBY","ACTIVE"
"00","NO OWNER CODE LISTED","WELLS",9/24/1997 10:11:43,10/27/2015 15:17:08,"WELLS","Y"
"C0","COUNTY","WELLS",9/24/1997 10:11:43,10/27/2015 15:17:08,"WELLS","Y"
"CN","CONSULTANT","WELLS",9/24/1997 10:11:43,10/27/2015 15:17:08,"WELLS","Y"
"F0","FEDERAL","WELLS",9/24/1997 10:11:43,10/27/2015 15:17:08,"WELLS","Y"
"FA","APACHE NATIONAL FOREST","WELLS",9/24/1997 10:11:43,9/30/1997 11:46:41,"WELLS",
"FB","PRESCOTT NATIONAL FOREST","WELLS",9/24/1997 10:11:43,9/30/1997 11:46:41,"WELLS",
"FC","COCONINO NATIONAL FOREST","WELLS",9/24/1997 10:11:43,9/30/1997 11:46:41,"WELLS",
"FD","SITGREAVES NATIONAL FOREST","WELLS",9/24/1997 10:11:43,9/30/1997 11:46:41,"WELLS",
"FE","BUREAU OF LAND MANAGEMENT","WELLS",9/24/1997 10:11:43,9/30/1997 11:46:41,"WELLS",
"FF","CORONADO NATIONAL FOREST","WELLS",9/24/1997 10:11:43,9/30/1997 11:46:41,"WELLS",
"FG","U.S. FOREST SERVICE","WELLS",9/24/1997 10:11:43,10/27/2015 15:17:08,"WELLS","Y"
"FH","TONTO NATIONAL FOREST","WELLS",9/24/1997 10:11:43,9/30/1997 11:46:41,"WELLS",
"FI","KAIBAB NATIONAL FOREST","WELLS",9/24/1997 10:11:43,9/30/1997 11:46:41,"WELLS",
"FK","APACHE-SITGREAVES NATIONAL FOREST","WELLS",9/24/1997 10:11:43,9/30/1997 11:46:41,"WELLS",
"FL","ARIZONA GAME AND FISH DEPARTMENT","WELLS",9/24/1997 10:11:43,9/30/1997 11:46:41,"WELLS",
"FM","ARIZONA HIGHWAY DEPARTMENT","WELLS",9/24/1997 10:11:43,9/30/1997 11:46:41,"WELLS",
"FN","GILA NATIONAL FOREST","WELLS",9/24/1997 10:11:43,9/30/1997 11:46:41,"WELLS",
"FO","GILA BEND INDIAN RESERVATION","WELLS",9/24/1997 10:11:43,9/30/1997 11:46:41,"WELLS",
"FQ","SAN CARLOS INDIAN TRIBE","WELLS",9/24/1997 10:11:43,9/30/1997 11:46:41,"WELLS",
"FR","NAVAJO INDIAN TRIBE","WELLS",9/24/1997 10:11:43,9/30/1997 11:46:41,"WELLS",
"FS","NATIVE AMERICAN COMMUNITY","WELLS",9/24/1997 10:11:43,10/27/2015 15:17:08,"WELLS","Y"
"FT","KAIBAB INDIAN TRIBE","WELLS",9/24/1997 10:11:43,9/30/1997 11:46:41,"WELLS",
"FU","PIPE ORGAN NATIONAL FOREST?","WELLS",9/24/1997 10:11:43,9/30/1997 11:46:41,"WELLS",
"M0","CITY","WELLS",9/24/1997 10:11:43,10/27/2015 15:17:08,"WELLS","Y"
"N0","CORPORATION","WELLS",9/24/1997 10:11:43,9/30/1997 11:46:41,"WELLS",
"P0","PRIVATE OR COMPANY","WELLS",9/24/1997 10:11:43,10/27/2015 15:17:08,"WELLS","Y"
"S0","STATE AGENCY","WELLS",9/24/1997 10:11:43,10/27/2015 15:17:08,"WELLS","Y"
"W0","WATER DISTRICT","WELLS",9/24/1997 10:11:43,10/27/2015 15:17:08,"WELLS","Y"
